frame_number,pred_m,direction,triangle_m,label_m
225,0.808144,0,0.000000,
226,0.808144,0,0.033162,
227,0.808144,0,0.066325,
228,0.808144,0,0.099487,
229,0.808144,0,0.132650,
230,0.808144,0,0.165812,
231,0.808144,0,0.198975,
232,0.808144,0,0.232137,
233,0.808144,0,0.265300,
234,0.808144,0,0.298462,
235,0.808144,0,0.331625,
236,0.808144,0,0.364787,
237,0.808144,0,0.397950,
238,0.808144,0,0.431112,
239,0.808144,0,0.464274,
240,0.808144,0,0.497437,
241,0.808144,0,0.530599,
242,0.808144,0,0.563762,
243,0.808144,0,0.596924,
244,0.808144,0,0.630087,
245,0.808144,0,0.663249,
246,0.808144,0,0.696412,
247,0.808144,0,0.729574,
248,0.808144,0,0.762737,
249,0.808145,0,0.795899,
250,0.808148,0,0.829062,
251,0.808159,0,0.862224,
252,0.808193,0,0.895386,
253,0.808282,0,0.928549,
254,0.808482,0,0.961711,
255,0.808875,0,0.994874,
256,0.809539,0,1.028036,
257,0.810514,0,1.061199,
258,0.811751,0,1.094361,
259,0.813113,0,1.127524,
260,0.814410,0,1.160686,
261,0.815480,0,1.193849,
262,0.816244,0,1.227011,
263,0.816715,0,1.260174,
264,0.816967,0,1.293336,
265,0.817083,0,1.326498,
266,0.817130,0,1.359661,
267,0.817146,0,1.392823,
268,0.817151,0,1.425986,
269,0.817152,0,1.459148,
270,0.817152,0,1.492311,
271,0.817152,0,1.525473,
272,0.817152,0,1.558636,
273,0.817152,0,1.591798,
274,0.817152,0,1.624961,
275,0.817152,0,1.658123,
276,0.817152,0,1.691285,
277,0.817152,0,1.724448,
278,0.817152,0,1.757610,
279,0.817152,0,1.790773,
280,0.817152,0,1.823935,
281,0.817152,0,1.857098,
282,0.817152,0,1.890260,
283,0.817152,0,1.923423,
284,0.817153,0,1.956585,
285,0.817157,0,1.989748,
286,0.817173,0,2.022910,
287,0.817224,0,2.056072,
288,0.817374,0,2.089235,
289,0.817752,0,2.122397,
290,0.818588,0,2.155560,
291,0.820217,0,2.188722,
292,0.823039,0,2.221885,
293,0.827415,0,2.255047,
294,0.833556,0,2.288210,
295,0.841449,0,2.321372,
296,0.850870,1,2.354535,
297,0.861453,1,2.387697,
298,0.872783,1,2.420860,
299,0.884462,1,2.454022,
300,0.896131,1,2.487185,
301,0.907482,1,2.520347,
302,0.918251,0,2.553509,
303,0.928225,0,2.586672,
304,0.937248,0,2.619834,
305,0.945229,0,2.652997,
306,0.952147,0,2.686159,
307,0.958049,0,2.719322,
308,0.963052,0,2.752484,
309,0.967327,0,2.785647,
310,0.971086,0,2.818809,
311,0.974570,0,2.851972,
312,0.978023,0,2.885134,
313,0.981680,0,2.918297,
314,0.985743,0,2.951459,
315,0.990373,0,2.984622,
316,0.995675,0,3.017784,
317,1.001695,0,3.050946,
318,1.008419,0,3.084109,
319,1.015775,0,3.117271,
320,1.023643,0,3.150434,
321,1.031870,0,3.183596,
322,1.040275,0,3.216759,
323,1.048671,0,3.249921,
324,1.056874,0,3.283084,
325,1.064717,0,3.316246,
326,1.072055,0,3.349409,
327,1.078776,0,3.382571,
328,1.084802,0,3.415733,
329,1.090090,0,3.448896,
330,1.094630,0,3.482058,
331,1.098448,0,3.515221,
332,1.101598,0,3.548383,
333,1.104167,0,3.581546,
334,1.106264,0,3.614708,
335,1.108029,0,3.647871,
336,1.109618,0,3.681033,
337,1.111210,0,3.714195,
338,1.112993,0,3.747358,
339,1.115163,0,3.780520,
340,1.117912,0,3.813683,
341,1.121420,0,3.846845,
342,1.125849,0,3.880008,
343,1.131332,0,3.913170,
344,1.137969,0,3.946333,
345,1.145827,0,3.979495,
346,1.154934,1,4.012658,
347,1.165289,1,4.045820,
348,1.176863,1,4.078983,
349,1.189607,1,4.112145,
350,1.203461,1,4.145308,
351,1.218358,1,4.178470,
352,1.234231,1,4.211632,
353,1.251018,1,4.244795,
354,1.268661,1,4.277957,
355,1.287109,1,4.311120,
356,1.306315,1,4.344282,
357,1.326234,1,4.377445,
358,1.346826,1,4.410607,
359,1.368052,1,4.443770,
360,1.389875,1,4.476932,
361,1.412268,1,4.510095,
362,1.435211,1,4.543257,
363,1.458696,1,4.576419,
364,1.482732,1,4.609582,
365,1.507345,1,4.642745,
366,1.532575,1,4.675907,
367,1.558477,1,4.709069,
368,1.585110,1,4.742232,
369,1.612531,1,4.775394,
370,1.640788,1,4.808557,
371,1.669908,1,4.841719,
372,1.699890,1,4.874882,
373,1.730697,1,4.908044,
374,1.762254,1,4.941206,
375,1.794443,1,4.974369,
376,1.827110,1,5.007532,
377,1.860063,1,5.040694,
378,1.893083,1,5.073856,
379,1.925933,1,5.107019,
380,1.958365,1,5.140182,
381,1.990136,1,5.173344,
382,2.021019,1,5.206506,
383,2.050812,1,5.239669,
384,2.079356,1,5.272831,
385,2.106541,1,5.305994,
386,2.132314,1,5.339156,
387,2.156690,1,5.372319,
388,2.179750,1,5.405481,
389,2.201641,1,5.438643,
390,2.222570,1,5.471806,
391,2.242790,1,5.504969,
392,2.262590,1,5.538131,
393,2.282268,1,5.571293,
394,2.302115,1,5.604456,
395,2.322391,1,5.637618,
396,2.343303,1,5.670781,
397,2.364990,1,5.703943,
398,2.387508,1,5.737106,
399,2.410830,1,5.770268,
400,2.434841,1,5.803431,
401,2.459355,1,5.836593,
402,2.484126,1,5.869756,
403,2.508873,1,5.902918,
404,2.533304,1,5.936080,
405,2.557142,1,5.969243,
406,2.580151,1,6.002405,
407,2.602153,1,6.035568,
408,2.623044,1,6.068730,
409,2.642802,1,6.101893,
410,2.661487,1,6.135055,
411,2.679228,1,6.168218,
412,2.696218,1,6.201380,
413,2.712685,1,6.234542,
414,2.728878,1,6.267705,
415,2.745040,1,6.300868,
416,2.761390,1,6.334030,
417,2.778107,1,6.367192,
418,2.795317,1,6.400355,
419,2.813088,1,6.433517,
420,2.831430,1,6.466680,
421,2.850306,1,6.499842,
422,2.869634,1,6.533005,
423,2.889309,1,6.566167,
424,2.909212,1,6.599329,
425,2.929223,1,6.632492,
426,2.949241,1,6.665655,
427,2.969186,1,6.698817,
428,2.989010,1,6.731979,
429,3.008704,1,6.765142,
430,3.028297,1,6.798305,
431,3.047854,1,6.831467,
432,3.067478,1,6.864629,
433,3.087300,1,6.897792,
434,3.107478,1,6.930954,
435,3.128186,1,6.964117,
436,3.149611,1,6.997279,
437,3.171942,1,7.030442,
438,3.195361,1,7.063604,
439,3.220038,1,7.096766,
440,3.246124,1,7.129929,
441,3.273736,1,7.163092,
442,3.302963,1,7.196254,
443,3.333852,1,7.229416,
444,3.366408,1,7.262579,
445,3.400589,1,7.295741,
446,3.436306,1,7.328904,
447,3.473422,1,7.362066,
448,3.511752,1,7.395229,
449,3.551069,1,7.428391,
450,3.591108,1,7.461554,
451,3.631572,1,7.494716,
452,3.672152,1,7.527879,
453,3.712536,1,7.561041,
454,3.752431,1,7.594203,
455,3.791578,1,7.627366,
456,3.829776,1,7.660528,
457,3.866896,1,7.693691,
458,3.902894,1,7.726853,
459,3.937818,1,7.760016,
460,3.971806,1,7.793178,
461,4.005078,1,7.826341,
462,4.037919,1,7.859503,
463,4.070656,1,7.892665,
464,4.103632,1,7.925828,
465,4.137174,1,7.958991,
466,4.171567,1,7.992153,
467,4.207030,1,8.025315,
468,4.243699,1,8.058478,
469,4.281610,1,8.091640,
470,4.320708,1,8.124803,
471,4.360845,1,8.157966,
472,4.401793,1,8.191128,
473,4.443276,1,8.224290,
474,4.484982,1,8.257453,
475,4.526600,1,8.290615,
476,4.567849,1,8.323777,
477,4.608501,1,8.356940,
478,4.648413,1,8.390102,
479,4.687536,1,8.423265,
480,4.725936,1,8.456428,
481,4.763792,1,8.489590,
482,4.801389,1,8.522753,
483,4.839108,1,8.555915,
484,4.877394,1,8.589077,
485,4.916737,1,8.622240,
486,4.957632,1,8.655402,
487,5.000547,1,8.688564,
488,5.045896,1,8.721727,
489,5.094005,1,8.754889,
490,5.145101,1,8.788052,
491,5.199293,1,8.821215,
492,5.256575,1,8.854377,
493,5.316827,1,8.887540,
494,5.379828,1,8.920702,
495,5.445278,1,8.953864,
496,5.512815,1,8.987027,
497,5.582045,1,9.020189,
498,5.652569,1,9.053351,
499,5.724010,1,9.086514,
500,5.796038,1,9.119677,
501,5.868398,1,9.152839,
502,5.940921,1,9.186002,
503,6.013541,1,9.219164,
504,6.086291,1,9.252326,
505,6.159306,1,9.285489,
506,6.232794,1,9.318651,
507,6.307024,1,9.351814,
508,6.382290,1,9.384976,
509,6.458879,1,9.418139,
510,6.537037,1,9.451302,
511,6.616938,1,9.484464,
512,6.698660,1,9.517626,
513,6.782165,1,9.550789,
514,6.867292,1,9.583951,
515,6.953759,1,9.617113,
516,7.041168,1,9.650276,
517,7.129031,1,9.683438,
518,7.216786,1,9.716601,
519,7.303834,1,9.749763,
520,7.389568,1,9.782926,
521,7.473411,1,9.816089,
522,7.554843,1,9.849251,
523,7.633434,1,9.882413,
524,7.708868,1,9.915576,
525,7.780950,1,9.948738,
526,7.849619,1,9.981900,
527,7.914938,1,10.015063,
528,7.977075,1,10.048225,
529,8.036284,1,10.081388,
530,8.092870,1,10.114551,
531,8.147154,1,10.147713,
532,8.199446,1,10.180876,
533,8.250012,1,10.214038,
534,8.299056,1,10.247200,
535,8.346710,1,10.280363,
536,8.393030,1,10.313525,
537,8.438007,1,10.346687,
538,8.481586,1,10.379850,
539,8.523683,1,10.413013,
540,8.564212,1,10.446175,
541,8.603109,1,10.479338,
542,8.640359,1,10.512500,
543,8.676003,1,10.545663,
544,8.710158,1,10.578825,
545,8.743016,1,10.611987,
546,8.774842,1,10.645150,
547,8.805965,1,10.678312,
548,8.836759,1,10.711474,
549,8.867620,1,10.744637,
550,8.898944,1,10.777800,
551,8.931094,1,10.810962,
552,8.964381,1,10.844125,
553,8.999038,1,10.877287,
554,9.035201,1,10.910450,
555,9.072908,1,10.943612,
556,9.112093,1,10.976774,
557,9.152599,1,11.009937,
558,9.194198,1,11.043099,
559,9.236602,1,11.076262,
560,9.279506,1,11.109425,
561,9.322596,1,11.142587,
562,9.365585,1,11.175749,
563,9.408226,1,11.208912,
564,9.450323,1,11.242074,
565,9.491747,1,11.275236,
566,9.532434,1,11.308399,
567,9.572388,1,11.341561,
568,9.611679,1,11.374724,
569,9.650443,1,11.407887,
570,9.688870,1,11.441049,
571,9.727211,1,11.474212,
572,9.765760,1,11.507374,
573,9.804852,1,11.540536,
574,9.844845,1,11.573699,
575,9.886110,1,11.606861,
576,9.929013,1,11.640023,
577,9.973893,1,11.673186,
578,10.021049,1,11.706348,
579,10.070730,1,11.739511,
580,10.123112,1,11.772674,
581,10.178302,1,11.805836,
582,10.236333,1,11.838999,
583,10.297165,1,11.872161,
584,10.360690,1,11.905323,
585,10.426744,1,11.938486,
586,10.495103,1,11.971648,
587,10.565499,1,12.004810,
588,10.637625,1,12.037973,
589,10.711126,1,12.071136,
590,10.785623,1,12.104298,
591,10.860701,1,12.137461,
592,10.935923,1,12.170623,
593,11.010841,1,12.203786,
594,11.085007,1,12.236948,
595,11.157984,1,12.270110,
596,11.229370,1,12.303273,
597,11.298812,1,12.336435,
598,11.366022,1,12.369597,
599,11.430792,1,12.402761,
600,11.492994,1,12.435923,
601,11.552595,1,12.469085,
602,11.609646,1,12.502248,
603,11.664278,1,12.535410,
604,11.716704,1,12.568573,
605,11.767202,1,12.601735,
606,11.816114,1,12.634897,
607,11.863837,1,12.668060,
608,11.910826,1,12.701222,
609,11.957576,1,12.734385,
610,12.004630,1,12.767548,
611,12.052552,1,12.800710,
612,12.101915,1,12.833872,
613,12.153271,1,12.867035,
614,12.207125,1,12.900197,
615,12.263890,1,12.933359,
616,12.323863,1,12.966522,
617,12.387191,1,12.999684,
618,12.453846,1,13.032847,
619,12.523627,1,13.066010,
620,12.596161,1,13.099172,
621,12.670928,1,13.132335,
622,12.747293,1,13.165497,
623,12.824557,1,13.198659,
624,12.901993,1,13.231822,
625,12.978906,1,13.264984,
626,13.054667,1,13.298146,
627,13.128752,1,13.331309,
628,13.200762,1,13.364471,
629,13.270438,1,13.397635,
630,13.337660,1,13.430797,
631,13.402438,1,13.463959,
632,13.464904,1,13.497122,
633,13.525287,1,13.530284,
634,13.583888,1,13.563446,
635,13.641068,1,13.596609,
636,13.697207,1,13.629771,
637,13.752692,1,13.662933,
638,13.807885,1,13.696096,
639,13.863103,1,13.729259,
640,13.918602,1,13.762421,
641,13.974555,1,13.795584,
642,14.031047,1,13.828746,
643,14.088070,1,13.861909,
644,14.145524,1,13.895071,
645,14.203236,1,13.928233,
646,14.260970,1,13.961396,
647,14.318457,1,13.994558,
648,14.375423,1,14.027720,
649,14.431617,1,14.060884,
650,14.486833,1,14.094046,
651,14.540945,1,14.127208,
652,14.593913,1,14.160371,
653,14.645797,1,14.193533,
654,14.696756,1,14.226696,
655,14.747039,1,14.259858,
656,14.796965,1,14.293020,
657,14.846902,1,14.326183,
658,14.897236,1,14.359345,
659,14.948342,1,14.392508,
660,15.000553,1,14.425671,
661,15.054130,1,14.458833,
662,15.109247,1,14.491995,
663,15.165971,1,14.525158,
664,15.224263,1,14.558320,
665,15.283980,1,14.591482,
666,15.344886,1,14.624645,
667,15.406679,1,14.657807,
668,15.469010,1,14.690970,
669,15.531514,1,14.724133,
670,15.593848,1,14.757295,
671,15.655703,1,14.790458,
672,15.716838,1,14.823620,
673,15.777095,1,14.856782,
674,15.836405,1,14.889945,
675,15.894791,1,14.923107,
676,15.952367,1,14.956269,
677,16.009317,1,14.989432,
678,16.065887,1,15.022594,
679,16.122360,1,15.055758,
680,16.179026,1,15.088920,
681,16.236170,1,15.122082,
682,16.294050,1,15.155245,
683,16.352867,1,15.188407,
684,16.412766,1,15.221569,
685,16.473825,1,15.254732,
686,16.536057,1,15.287894,
687,16.599411,1,15.321056,
688,16.663794,1,15.354219,
689,16.729078,1,15.387382,
690,16.795118,1,15.420544,
691,16.861769,1,15.453707,
692,16.928888,1,15.486869,
693,16.996355,1,15.520032,
694,17.064062,1,15.553194,
695,17.131924,1,15.586356,
696,17.199871,1,15.619519,
697,17.267851,1,15.652681,
698,17.335815,1,15.685843,
699,17.403746,1,15.719007,
700,17.471628,1,15.752169,
701,17.539480,1,15.785331,
702,17.607353,1,15.818494,
703,17.675329,1,15.851656,
704,17.743536,1,15.884819,
705,17.812132,1,15.917981,
706,17.881306,1,15.951143,
707,17.951254,1,15.984306,
708,18.022169,1,16.017467,
709,18.094213,1,16.050631,
710,18.167490,1,16.083794,
711,18.242037,1,16.116957,
712,18.317808,1,16.150118,
713,18.394665,1,16.183281,
714,18.472389,1,16.216444,
715,18.550686,1,16.249605,
716,18.629211,1,16.282768,
717,18.707586,1,16.315931,
718,18.785425,1,16.349092,
719,18.862354,1,16.382256,
720,18.938028,1,16.415419,
721,19.012142,1,16.448580,
722,19.084427,1,16.481743,
723,19.154646,1,16.514906,
724,19.222597,1,16.548067,
725,19.288092,1,16.581230,
726,19.350945,1,16.614393,
727,19.410986,1,16.647554,
728,19.468048,1,16.680717,
729,19.521986,1,16.713881,
730,19.572681,1,16.747042,
731,19.620073,1,16.780205,
732,19.664173,1,16.813368,
733,19.705080,1,16.846529,
734,19.743004,1,16.879692,
735,19.778259,1,16.912855,
736,19.811272,1,16.946018,
737,19.842558,1,16.979179,
738,19.872704,1,17.012342,
739,19.902336,1,17.045506,
740,19.932095,1,17.078667,
741,19.962599,1,17.111830,
742,19.994410,1,17.144993,
743,20.028025,1,17.178154,
744,20.063848,1,17.211317,
745,20.102194,1,17.244480,
746,20.143280,1,17.277641,
747,20.187244,1,17.310804,
748,20.234146,1,17.343967,
749,20.283995,1,17.377129,
750,20.336752,1,17.410292,
751,20.392355,1,17.443455,
752,20.450708,1,17.476616,
753,20.511703,1,17.509779,
754,20.575212,1,17.542942,
755,20.641077,1,17.576103,
756,20.709116,1,17.609266,
757,20.779106,1,17.642429,
758,20.850779,1,17.675591,
759,20.923826,1,17.708754,
760,20.997889,1,17.741917,
761,21.072569,1,17.775080,
762,21.147449,1,17.808241,
763,21.222097,1,17.841404,
764,21.296103,1,17.874567,
765,21.369091,1,17.907728,
766,21.440748,1,17.940891,
767,21.510857,1,17.974054,
768,21.579296,1,18.007215,
769,21.646061,1,18.040379,
770,21.711258,1,18.073542,
771,21.775093,1,18.106703,
772,21.837860,1,18.139866,
773,21.899900,1,18.173029,
774,21.961580,1,18.206190,
775,22.023256,1,18.239353,
776,22.085234,1,18.272516,
777,22.147753,1,18.305677,
778,22.210964,1,18.338840,
779,22.274927,1,18.372004,
780,22.339594,1,18.405165,
781,22.404846,1,18.438328,
782,22.470486,1,18.471491,
783,22.536272,1,18.504652,
784,22.601927,1,18.537815,
785,22.667175,1,18.570978,
786,22.731747,1,18.604141,
787,22.795406,1,18.637302,
788,22.857948,1,18.670465,
789,22.919226,1,18.703629,
790,22.979136,1,18.736790,
791,23.037638,1,18.769953,
792,23.094748,1,18.803116,
793,23.150530,1,18.836277,
794,23.205099,1,18.869440,
795,23.258600,1,18.902603,
796,23.311207,1,18.935764,
797,23.363096,1,18.968927,
798,23.414434,1,19.002090,
799,23.465368,1,19.035252,
800,23.516012,1,19.068415,
801,23.566420,1,19.101578,
802,23.616619,1,19.134739,
803,23.666576,1,19.167902,
804,23.716236,1,19.201065,
805,23.765520,1,19.234226,
806,23.814337,1,19.267389,
807,23.862612,1,19.300552,
808,23.910284,1,19.333715,
809,23.957323,1,19.366877,
810,24.003725,1,19.400040,
811,24.049509,1,19.433203,
812,24.094713,1,19.466364,
813,24.139374,1,19.499527,
814,24.183531,1,19.532690,
815,24.227200,1,19.565851,
816,24.270378,1,19.599014,
817,24.313042,1,19.632177,
818,24.355148,1,19.665339,
819,24.396654,1,19.698502,
820,24.437515,1,19.731665,
821,24.477724,1,19.764826,
822,24.517298,1,19.797989,
823,24.556313,1,19.831152,
824,24.594898,1,19.864313,
825,24.633255,1,19.897476,
826,24.671638,1,19.930639,
827,24.710358,1,19.963800,
828,24.749765,1,19.996964,
829,24.790247,1,20.030127,
830,24.832193,1,20.063288,
831,24.875984,1,20.096451,
832,24.921976,1,20.129614,
833,24.970478,1,20.162777,
834,25.021729,1,20.195938,
835,25.075882,1,20.229101,
836,25.132996,1,20.262264,
837,25.193008,1,20.295425,
838,25.255751,1,20.328588,
839,25.320930,1,20.361752,
840,25.388159,1,20.394913,
841,25.456963,1,20.428076,
842,25.526817,1,20.461239,
843,25.597181,1,20.494400,
844,25.667528,1,20.527563,
845,25.737398,1,20.560726,
846,25.806423,1,20.593887,
847,25.874352,1,20.627050,
848,25.941063,1,20.660213,
849,26.006575,1,20.693375,
850,26.071012,1,20.726538,
851,26.134598,1,20.759701,
852,26.197609,1,20.792862,
853,26.260332,1,20.826025,
854,26.323034,1,20.859188,
855,26.385918,1,20.892349,
856,26.449095,1,20.925512,
857,26.512575,1,20.958675,
858,26.576246,1,20.991838,
859,26.639898,1,21.025000,
860,26.703224,1,21.058163,
861,26.765862,1,21.091326,
862,26.827408,1,21.124487,
863,26.887468,1,21.157650,
864,26.945677,1,21.190813,
865,27.001732,1,21.223974,
866,27.055431,1,21.257137,
867,27.106668,1,21.290300,
868,27.155460,1,21.323462,
869,27.201944,1,21.356625,
870,27.246368,1,21.389788,
871,27.289080,1,21.422949,
872,27.330500,1,21.456112,
873,27.371090,1,21.489275,
874,27.411325,1,21.522436,
875,27.451658,1,21.555599,
876,27.492487,1,21.588762,
877,27.534126,1,21.621923,
878,27.576796,1,21.655087,
879,27.620602,1,21.688250,
880,27.665546,1,21.721411,
881,27.711531,1,21.754574,
882,27.758377,1,21.787737,
883,27.805853,1,21.820900,
884,27.853689,1,21.854061,
885,27.901600,1,21.887224,
886,27.949310,1,21.920387,
887,27.996559,1,21.953548,
888,28.043104,1,21.986712,
889,28.088736,1,22.019875,
890,28.133259,1,22.053036,
891,28.176508,1,22.086199,
892,28.218327,1,22.119362,
893,28.258579,1,22.152523,
894,28.297155,1,22.185686,
895,28.333963,1,22.218849,
896,28.368954,1,22.252010,
897,28.402107,1,22.285173,
898,28.433458,1,22.318336,
899,28.463087,1,22.351498,
900,28.491129,1,22.384661,
901,28.517759,1,22.417824,
902,28.543194,1,22.450985,
903,28.567688,1,22.484148,
904,28.591497,1,22.517311,
905,28.614902,1,22.550472,
906,28.638163,1,22.583635,
907,28.661531,1,22.616798,
908,28.685232,1,22.649961,
909,28.709467,1,22.683123,
910,28.734404,1,22.716286,
911,28.760183,1,22.749449,
912,28.786926,1,22.782610,
913,28.814734,1,22.815773,
914,28.843689,1,22.848936,
915,28.873882,1,22.882097,
916,28.905384,1,22.915260,
917,28.938261,1,22.948423,
918,28.972569,1,22.981585,
919,29.008345,1,23.014748,
920,29.045586,1,23.047911,
921,29.084249,1,23.081072,
922,29.124233,1,23.114235,
923,29.165365,1,23.147398,
924,29.207399,1,23.180559,
925,29.250013,1,23.213722,
926,29.292824,1,23.246885,
927,29.335392,1,23.280046,
928,29.377243,1,23.313210,
929,29.417912,1,23.346373,
930,29.456947,1,23.379534,
931,29.493967,1,23.412697,
932,29.528667,1,23.445860,
933,29.560862,1,23.479023,
934,29.590490,1,23.512184,
935,29.617619,1,23.545347,
936,29.642450,1,23.578510,
937,29.665293,1,23.611671,
938,29.686543,1,23.644835,
939,29.706646,1,23.677998,
940,29.726070,1,23.711159,
941,29.745258,1,23.744322,
942,29.764591,1,23.777485,
943,29.784369,1,23.810646,
944,29.804792,1,23.843809,
945,29.825954,1,23.876972,
946,29.847855,1,23.910133,
947,29.870399,1,23.943296,
948,29.893454,1,23.976460,
949,29.916853,1,24.009621,
950,29.940447,1,24.042784,
951,29.964113,1,24.075947,
952,29.987806,1,24.109108,
953,30.011532,1,24.142271,
954,30.035381,1,24.175434,
955,30.059500,1,24.208595,
956,30.084085,1,24.241758,
957,30.109344,1,24.274921,
958,30.135487,1,24.308084,
959,30.162689,1,24.341246,
960,30.191086,1,24.374409,
961,30.220757,1,24.407572,
962,30.251724,1,24.440733,
963,30.283968,1,24.473896,
964,30.317438,1,24.507059,
965,30.352068,1,24.540220,
966,30.387802,1,24.573383,
967,30.424591,1,24.606546,
968,30.462425,1,24.639708,
969,30.501301,1,24.672871,
970,30.541245,1,24.706034,
971,30.582268,1,24.739195,
972,30.624367,1,24.772358,
973,30.667484,1,24.805521,
974,30.711496,1,24.838682,
975,30.756208,1,24.871845,
976,30.801325,1,24.905008,
977,30.846478,1,24.938169,
978,30.891228,1,24.971333,
979,30.935093,1,25.004496,
980,30.977587,1,25.037657,
981,31.018238,1,25.070820,
982,31.056641,1,25.103983,
983,31.092480,1,25.137146,
984,31.125549,1,25.170307,
985,31.155781,1,25.203470,
986,31.183228,1,25.236633,
987,31.208067,1,25.269794,
988,31.230577,1,25.302958,
989,31.251114,1,25.336121,
990,31.270065,1,25.369282,
991,31.287830,1,25.402445,
992,31.304790,1,25.435608,
993,31.321268,1,25.468769,
994,31.337528,1,25.501932,
995,31.353760,1,25.535095,
996,31.370079,1,25.568256,
997,31.386541,1,25.601419,
998,31.403151,1,25.634583,
999,31.419891,1,25.667744,
1000,31.436741,1,25.700907,
1001,31.453690,1,25.734070,
1002,31.470770,1,25.767231,
1003,31.488039,1,25.800394,
1004,31.505619,1,25.833557,
1005,31.523659,1,25.866718,
1006,31.542349,1,25.899881,
1007,31.561901,1,25.933044,
1008,31.582523,1,25.966208,
1009,31.604414,1,25.999369,
1010,31.627737,1,26.032532,
1011,31.652615,1,26.065695,
1012,31.679111,1,26.098856,
1013,31.707233,1,26.132019,
1014,31.736919,1,26.165182,
1015,31.768034,1,26.198343,
1016,31.800379,1,26.231506,
1017,31.833694,1,26.264669,
1018,31.867649,1,26.297831,
1019,31.901878,1,26.330994,
1020,31.935970,1,26.364157,
1021,31.969503,1,26.397318,
1022,32.002056,1,26.430481,
1023,32.033245,1,26.463644,
1024,32.062740,1,26.496805,
1025,32.090298,1,26.529968,
1026,32.115765,1,26.563131,
1027,32.139126,1,26.596292,
1028,32.160473,1,26.629456,
1029,32.180008,1,26.662619,
1030,32.198036,1,26.695780,
1031,32.214931,1,26.728943,
1032,32.231113,1,26.762106,
1033,32.247002,1,26.795269,
1034,32.263012,1,26.828430,
1035,32.279503,1,26.861593,
1036,32.296783,1,26.894756,
1037,32.315090,1,26.927917,
1038,32.334595,1,26.961081,
1039,32.355415,1,26.994244,
1040,32.377621,1,27.027405,
1041,32.401249,1,27.060568,
1042,32.426331,1,27.093731,
1043,32.452885,1,27.126892,
1044,32.480927,1,27.160055,
1045,32.510475,1,27.193218,
1046,32.541523,1,27.226379,
1047,32.574039,1,27.259542,
1048,32.607941,1,27.292706,
1049,32.643097,1,27.325867,
1050,32.679291,1,27.359030,
1051,32.716240,1,27.392193,
1052,32.753605,1,27.425354,
1053,32.790985,1,27.458517,
1054,32.827980,1,27.491680,
1055,32.864193,1,27.524841,
1056,32.899292,1,27.558004,
1057,32.933014,1,27.591167,
1058,32.965225,1,27.624331,
1059,32.995914,1,27.657492,
1060,33.025200,1,27.690655,
1061,33.053322,1,27.723818,
1062,33.080624,1,27.756979,
1063,33.107510,1,27.790142,
1064,33.134415,1,27.823305,
1065,33.161758,1,27.856466,
1066,33.189930,1,27.889629,
1067,33.219231,1,27.922792,
1068,33.249870,1,27.955954,
1069,33.281960,1,27.989117,
1070,33.315502,1,28.022280,
1071,33.350414,1,28.055441,
1072,33.386528,1,28.088604,
1073,33.423622,1,28.121767,
1074,33.461433,1,28.154928,
1075,33.499683,1,28.188091,
1076,33.538105,1,28.221254,
1077,33.576439,1,28.254416,
1078,33.614464,1,28.287579,
1079,33.651997,1,28.320742,
1080,33.688892,1,28.353903,
1081,33.725056,1,28.387066,
1082,33.760426,1,28.420229,
1083,33.794964,1,28.453392,
1084,33.828659,1,28.486553,
1085,33.861496,1,28.519716,
1086,33.893467,1,28.552879,
1087,33.924526,1,28.586040,
1088,33.954620,1,28.619204,
1089,33.983658,1,28.652367,
1090,34.011520,1,28.685528,
1091,34.038063,1,28.718691,
1092,34.063126,1,28.751854,
1093,34.086544,1,28.785015,
1094,34.108166,1,28.818178,
1095,34.127861,1,28.851341,
1096,34.145527,1,28.884502,
1097,34.161110,1,28.917665,
1098,34.174603,1,28.950829,
1099,34.186050,0,28.983990,
1100,34.195541,0,29.017153,
1101,34.203220,0,29.050316,
1102,34.209259,0,29.083477,
1103,34.213867,0,29.116640,
1104,34.217289,0,29.149803,
1105,34.219769,0,29.182964,
1106,34.221581,0,29.216127,
1107,34.222965,0,29.249290,
1108,34.224171,0,29.282454,
1109,34.225403,0,29.315615,
1110,34.226826,0,29.348778,
1111,34.228573,0,29.381941,
1112,34.230709,0,29.415102,
1113,34.233280,0,29.448265,
1114,34.236282,0,29.481428,
1115,34.239712,0,29.514589,
1116,34.243561,0,29.547752,
1117,34.247860,0,29.580915,
1118,34.252678,0,29.614077,
1119,34.258125,0,29.647240,
1120,34.264381,0,29.680403,
1121,34.271656,0,29.713564,
1122,34.280197,1,29.746727,
1123,34.290241,1,29.779890,
1124,34.301994,1,29.813051,
1125,34.315617,1,29.846214,
1126,34.331196,1,29.879377,
1127,34.348732,1,29.912539,
1128,34.368141,1,29.945702,
1129,34.389263,1,29.978865,
1130,34.411873,1,30.012026,
1131,34.435711,1,30.045189,
1132,34.460503,1,30.078352,
1133,34.485970,1,30.111515,
1134,34.511864,1,30.144676,
1135,34.537960,1,30.177839,
1136,34.564075,1,30.211002,
1137,34.590054,1,30.244164,
1138,34.615776,1,30.277327,
1139,34.641140,1,30.310490,
1140,34.666054,1,30.343651,
1141,34.690441,1,30.376814,
1142,34.714230,1,30.409977,
1143,34.737354,1,30.443138,
1144,34.759769,1,30.476301,
1145,34.781433,1,30.509464,
1146,34.802345,1,30.542625,
1147,34.822525,1,30.575788,
1148,34.842030,1,30.608952,
1149,34.860935,1,30.642113,
1150,34.879349,1,30.675276,
1151,34.897377,1,30.708439,
1152,34.915131,1,30.741600,
1153,34.932701,1,30.774763,
1154,34.950146,1,30.807926,
1155,34.967484,1,30.841087,
1156,34.984688,1,30.874250,
1157,35.001698,1,30.907413,
1158,35.018414,1,30.940577,
1159,35.034733,1,30.973738,
1160,35.050541,1,31.006901,
1161,35.065750,1,31.040064,
1162,35.080315,1,31.073225,
1163,35.094234,1,31.106388,
1164,35.107582,1,31.139551,
1165,35.120495,1,31.172712,
1166,35.133171,1,31.205875,
1167,35.145866,1,31.239038,
1168,35.158890,1,31.272200,
1169,35.172558,1,31.305363,
1170,35.187206,1,31.338526,
1171,35.203140,1,31.371687,
1172,35.220627,1,31.404850,
1173,35.239861,1,31.438013,
1174,35.260956,1,31.471174,
1175,35.283916,1,31.504337,
1176,35.308640,1,31.537500,
1177,35.334908,1,31.570662,
1178,35.362389,1,31.603825,
1179,35.390675,1,31.636988,
1180,35.419270,1,31.670151,
1181,35.447670,1,31.703312,
1182,35.475368,1,31.736475,
1183,35.501915,1,31.769638,
1184,35.526947,1,31.802799,
1185,35.550236,1,31.835962,
1186,35.571697,1,31.869125,
1187,35.591415,1,31.902287,
1188,35.609634,1,31.935450,
1189,35.626736,1,31.968613,
1190,35.643238,1,32.001774,
1191,35.659714,1,32.034935,
1192,35.676788,1,32.068100,
1193,35.695072,1,32.101261,
1194,35.715122,1,32.134426,
1195,35.737419,1,32.167587,
1196,35.762306,1,32.200748,
1197,35.790020,1,32.233913,
1198,35.820641,1,32.267075,
1199,35.854118,1,32.300236,
1200,35.890270,1,32.333401,
1201,35.928795,1,32.366562,
1202,35.969303,1,32.399723,
1203,36.011337,1,32.432888,
1204,36.054390,1,32.466049,
1205,36.097935,1,32.499210,
1206,36.141464,1,32.532375,
1207,36.184490,1,32.565536,
1208,36.226585,1,32.598698,
1209,36.267380,1,32.631863,
1210,36.306595,1,32.665024,
1211,36.344025,1,32.698185,
1212,36.379551,1,32.731350,
1213,36.413132,1,32.764511,
1214,36.444794,1,32.797672,
1215,36.474613,1,32.830837,
1216,36.502708,1,32.863998,
1217,36.529221,1,32.897160,
1218,36.554298,1,32.930325,
1219,36.578041,1,32.963486,
1220,36.600483,1,32.996647,
1221,36.621498,1,33.029812,
1222,36.640762,1,33.062973,
1223,36.657776,1,33.096134,
1224,36.671993,1,33.129299,
1225,36.683037,0,33.162460,
1226,36.690884,0,33.195621,
1227,36.695915,0,33.228786,
1228,36.698792,0,33.261948,
1229,36.700249,0,33.295109,
1230,36.700897,0,33.328274,
1231,36.701153,0,33.361435,
1232,36.701241,0,33.394596,
1233,36.701263,0,33.427761,
1234,36.701271,0,33.460922,
1235,36.701271,0,33.494083,
1236,36.701271,0,33.527248,
1237,36.701271,0,33.560410,
1238,36.701271,0,33.593571,
1239,36.701271,0,33.626736,
1240,36.701271,0,33.659897,
1241,36.701271,0,33.693058,
1242,36.701271,0,33.726223,
1243,36.701271,0,33.759384,
1244,36.701271,0,33.792549,
1245,36.701271,0,33.825710,
1246,36.701271,0,33.858871,
1247,36.701271,0,33.892036,
1248,36.701271,0,33.925198,
1249,36.701271,0,33.958359,
1250,36.701271,0,33.991524,
1251,36.701271,0,34.024685,
1252,36.701271,0,34.057846,
1253,36.701271,0,34.091011,
1254,36.701271,0,34.124172,
1255,36.701271,0,34.157333,
1256,36.701271,0,34.190498,
1257,36.701271,0,34.223660,
1258,36.701271,0,34.256821,
1259,36.701271,0,34.289986,
1260,36.701271,0,34.323147,
1261,36.701271,0,34.356308,
1262,36.701271,0,34.389473,
1263,36.701271,0,34.422634,
1264,36.701271,0,34.455795,
1265,36.701271,0,34.488960,
1266,36.701271,0,34.522121,
1267,36.701271,0,34.555283,
1268,36.701271,0,34.588448,
1269,36.701271,0,34.621609,
1270,36.701271,0,34.654770,
1271,36.701271,0,34.687935,
1272,36.701271,0,34.721096,
1273,36.701271,0,34.754257,
1274,36.701271,0,34.787422,
1275,36.701271,0,34.820583,
1276,36.701271,0,34.853745,
1277,36.701271,0,34.886909,
1278,36.701271,0,34.920071,
1279,36.701271,0,34.953232,
1280,36.701271,0,34.986397,
1281,36.701271,0,35.019558,
1282,36.701271,0,35.052719,
1283,36.701271,0,35.085884,
1284,36.701271,0,35.119045,
1285,36.701271,0,35.152206,
1286,36.701271,0,35.185371,
1287,36.701271,0,35.218533,
1288,36.701271,0,35.251694,
1289,36.701271,0,35.284859,
1290,36.701271,0,35.318020,
1291,36.701271,0,35.351181,
1292,36.701271,0,35.384346,
1293,36.701271,0,35.417507,
1294,36.701271,0,35.450672,
1295,36.701271,0,35.483833,
1296,36.701271,0,35.516994,
1297,36.701271,0,35.550159,
1298,36.701271,0,35.583321,
1299,36.701271,0,35.616482,
1300,36.701271,0,35.649647,
1301,36.701271,0,35.682808,
1302,36.701271,0,35.715969,
1303,36.701271,0,35.749134,
1304,36.701271,0,35.782295,
1305,36.701271,0,35.815456,
1306,36.701271,0,35.848621,
1307,36.701271,0,35.881783,
1308,36.701271,0,35.914944,
1309,36.701271,0,35.948109,
1310,36.701271,0,35.981270,
1311,36.701271,0,36.014431,
1312,36.701271,0,36.047596,
1313,36.701271,0,36.080757,
1314,36.701271,0,36.113918,
1315,36.701271,0,36.147083,
1316,36.701271,0,36.180244,
1317,36.701271,0,36.213406,
1318,36.701271,0,36.246571,
1319,36.701271,0,36.279732,
1320,36.701271,0,36.312893,
1321,36.701271,0,36.346058,
1322,36.701271,0,36.379219,
1323,36.701271,0,36.412380,
1324,36.701271,0,36.445545,
1325,36.701271,0,36.478706,
1326,36.701271,0,36.511868,
1327,36.701271,0,36.545033,
1328,36.701271,0,36.578194,
1329,36.701271,0,36.611355,
1330,36.701271,0,36.644520,
1331,36.701271,0,36.677681,
1332,36.701271,0,36.710842,
1333,36.701271,0,36.744007,
1334,36.701271,0,36.777168,
1335,36.701271,0,36.810329,
1336,36.701271,0,36.843494,
1337,36.701271,0,36.876656,
1338,36.701271,0,36.909817,
1339,36.701271,0,36.942982,
1340,36.701271,0,36.976143,
1341,36.701271,0,37.009304,
1342,36.701271,0,37.042469,
1343,36.701271,0,37.075630,
1344,36.701271,0,37.108795,
1345,36.701271,0,37.141956,
1346,36.701271,0,37.175117,
1347,36.701271,0,37.208282,
1348,36.701271,0,37.241444,
1349,36.701271,0,37.274605,
1350,36.701271,0,37.307770,
1351,36.701271,0,37.340931,
1352,36.701271,0,37.374092,
1353,36.701271,0,37.407257,
1354,36.701271,0,37.440418,
1355,36.701271,0,37.473579,
1356,36.701271,0,37.506744,
1357,36.701271,0,37.539906,
1358,36.701271,0,37.573067,
1359,36.701271,0,37.606232,
1360,36.701271,0,37.639393,
1361,36.701271,0,37.672554,
1362,36.701271,0,37.705719,
1363,36.701271,0,37.738880,
1364,36.701271,0,37.772041,
1365,36.701271,0,37.805206,
1366,36.701271,0,37.838367,
1367,36.701271,0,37.871529,
1368,36.701271,0,37.904694,
1369,36.701271,0,37.937855,
1370,36.701271,0,37.971016,
1371,36.701271,0,38.004181,
1372,36.701271,0,38.037342,
1373,36.701271,0,38.037342,
1374,36.701271,0,38.004181,
1375,36.701271,0,37.971016,
1376,36.701271,0,37.937855,
1377,36.701271,0,37.904694,
1378,36.701271,0,37.871529,
1379,36.701271,0,37.838367,
1380,36.701271,0,37.805206,
1381,36.701271,0,37.772041,
1382,36.701271,0,37.738880,
1383,36.701271,0,37.705719,
1384,36.701271,0,37.672554,
1385,36.701271,0,37.639393,
1386,36.701271,0,37.606232,
1387,36.701271,0,37.573067,
1388,36.701271,0,37.539906,
1389,36.701271,0,37.506744,
1390,36.701271,0,37.473579,
1391,36.701271,0,37.440418,
1392,36.701271,0,37.407257,
1393,36.701271,0,37.374092,
1394,36.701271,0,37.340931,
1395,36.701271,0,37.307770,
1396,36.701271,0,37.274605,
1397,36.701271,0,37.241444,
1398,36.701271,0,37.208282,
1399,36.701271,0,37.175117,
1400,36.701271,0,37.141956,
1401,36.701271,0,37.108795,
1402,36.701271,0,37.075630,
1403,36.701271,0,37.042469,
1404,36.701271,0,37.009304,
1405,36.701271,0,36.976143,
1406,36.701271,0,36.942982,
1407,36.701271,0,36.909817,
1408,36.701271,0,36.876656,
1409,36.701275,0,36.843494,
1410,36.701286,0,36.810329,
1411,36.701347,0,36.777168,
1412,36.701576,0,36.744007,
1413,36.702290,0,36.710842,
1414,36.704243,0,36.677681,
1415,36.708904,0,36.644520,
1416,36.718678,1,36.611355,
1417,36.736763,1,36.578194,
1418,36.766487,1,36.545033,
1419,36.810234,1,36.511868,
1420,36.868443,1,36.478706,
1421,36.939373,1,36.445545,
1422,37.019680,1,36.412380,
1423,37.105492,1,36.379219,
1424,37.193348,1,36.346058,
1425,37.280636,1,36.312893,
1426,37.365517,1,36.279732,
1427,37.446590,1,36.246571,
1428,37.522556,1,36.213406,
1429,37.591972,1,36.180244,
1430,37.653214,1,36.147083,
1431,37.704697,1,36.113918,
1432,37.745335,1,36.080757,
1433,37.775017,1,36.047596,
1434,37.794807,1,36.014431,
1435,37.806721,0,35.981270,
1436,37.813126,0,35.948109,
1437,37.816189,0,35.914944,
1438,37.817478,0,35.881783,
1439,37.817955,0,35.848621,
1440,37.818108,0,35.815456,
1441,37.818150,0,35.782295,
1442,37.818157,0,35.749134,
1443,37.818161,0,35.715969,
1444,37.818161,0,35.682808,
1445,37.818161,0,35.649647,
1446,37.818161,0,35.616482,
1447,37.818161,0,35.583321,
1448,37.818161,0,35.550159,
1449,37.818161,0,35.516994,
1450,37.818161,0,35.483833,
1451,37.818161,0,35.450672,
1452,37.818161,0,35.417507,
1453,37.818161,0,35.384346,
1454,37.818161,0,35.351181,
1455,37.818161,0,35.318020,
1456,37.818161,0,35.284859,
1457,37.818161,0,35.251694,
1458,37.818161,0,35.218533,
1459,37.818161,0,35.185371,
1460,37.818161,0,35.152206,
1461,37.818161,0,35.119045,
1462,37.818161,0,35.085884,
1463,37.818161,0,35.052719,
1464,37.818161,0,35.019558,
1465,37.818172,0,34.986397,
1466,37.818207,0,34.953232,
1467,37.818321,0,34.920071,
1468,37.818653,0,34.886909,
1469,37.819485,0,34.853745,
1470,37.821301,0,34.820583,
1471,37.824780,0,34.787422,
1472,37.830658,0,34.754257,
1473,37.839478,1,34.721096,
1474,37.851360,1,34.687935,
1475,37.865875,1,34.654770,
1476,37.882191,1,34.621609,
1477,37.899334,1,34.588448,
1478,37.916443,1,34.555283,
1479,37.932884,1,34.522121,
1480,37.948280,1,34.488960,
1481,37.962433,1,34.455795,
1482,37.975258,1,34.422634,
1483,37.986732,1,34.389473,
1484,37.996864,0,34.356308,
1485,38.005680,0,34.323147,
1486,38.013210,0,34.289986,
1487,38.019512,0,34.256821,
1488,38.024632,0,34.223660,
1489,38.028614,0,34.190498,
1490,38.031517,0,34.157333,
1491,38.033382,0,34.124172,
1492,38.034252,0,34.091011,
1493,38.034164,0,34.057846,
1494,38.033157,0,34.024685,
1495,38.031258,0,33.991524,
1496,38.028507,0,33.958359,
1497,38.024948,0,33.925198,
1498,38.020618,0,33.892036,
1499,38.015575,0,33.858871,
1500,38.009888,0,33.825710,
1501,38.003605,0,33.792549,
1502,37.996788,0,33.759384,
1503,37.989475,0,33.726223,
1504,37.981693,0,33.693058,
1505,37.973415,0,33.659897,
1506,37.964577,0,33.626736,
1507,37.955063,-1,33.593571,
1508,37.944679,-1,33.560410,
1509,37.933186,-1,33.527248,
1510,37.920277,-1,33.494083,
1511,37.905602,-1,33.460922,
1512,37.888783,-1,33.427761,
1513,37.869427,-1,33.394596,
1514,37.847172,-1,33.361435,
1515,37.821678,-1,33.328274,
1516,37.792683,-1,33.295109,
1517,37.759987,-1,33.261948,
1518,37.723503,-1,33.228786,
1519,37.683220,-1,33.195621,
1520,37.639236,-1,33.162460,
1521,37.591717,-1,33.129299,
1522,37.540905,-1,33.096134,
1523,37.487087,-1,33.062973,
1524,37.430584,-1,33.029812,
1525,37.371716,-1,32.996647,
1526,37.310814,-1,32.963486,
1527,37.248180,-1,32.930325,
1528,37.184116,-1,32.897160,
1529,37.118900,-1,32.863998,
1530,37.052803,-1,32.830837,
1531,36.986103,-1,32.797672,
1532,36.919083,-1,32.764511,
1533,36.852036,-1,32.731350,
1534,36.785297,-1,32.698185,
1535,36.719196,-1,32.665024,
1536,36.654095,-1,32.631863,
1537,36.590363,-1,32.598698,
1538,36.528343,-1,32.565536,
1539,36.468376,-1,32.532375,
1540,36.410736,-1,32.499210,
1541,36.355652,-1,32.466049,
1542,36.303265,-1,32.432888,
1543,36.253639,-1,32.399723,
1544,36.206753,-1,32.366562,
1545,36.162487,-1,32.333401,
1546,36.120644,-1,32.300236,
1547,36.080956,-1,32.267075,
1548,36.043102,-1,32.233913,
1549,36.006721,-1,32.200748,
1550,35.971416,-1,32.167587,
1551,35.936798,-1,32.134426,
1552,35.902473,-1,32.101261,
1553,35.868088,-1,32.068100,
1554,35.833309,-1,32.034935,
1555,35.797871,-1,32.001774,
1556,35.761555,-1,31.968613,
1557,35.724220,-1,31.935450,
1558,35.685783,-1,31.902287,
1559,35.646236,-1,31.869125,
1560,35.605625,-1,31.835962,
1561,35.564030,-1,31.802799,
1562,35.521561,-1,31.769638,
1563,35.478317,-1,31.736475,
1564,35.434361,-1,31.703312,
1565,35.389690,-1,31.670151,
1566,35.344219,-1,31.636988,
1567,35.297760,-1,31.603825,
1568,35.250019,-1,31.570662,
1569,35.200600,-1,31.537500,
1570,35.149025,-1,31.504337,
1571,35.094765,-1,31.471174,
1572,35.037270,-1,31.438013,
1573,34.976009,-1,31.404850,
1574,34.910511,-1,31.371687,
1575,34.840385,-1,31.338526,
1576,34.765358,-1,31.305363,
1577,34.685276,-1,31.272200,
1578,34.600124,-1,31.239038,
1579,34.510002,-1,31.205875,
1580,34.415127,-1,31.172712,
1581,34.315811,-1,31.139551,
1582,34.212440,-1,31.106388,
1583,34.105453,-1,31.073225,
1584,33.995323,-1,31.040064,
1585,33.882538,-1,31.006901,
1586,33.767593,-1,30.973738,
1587,33.650990,-1,30.940577,
1588,33.533195,-1,30.907413,
1589,33.414692,-1,30.874250,
1590,33.295933,-1,30.841087,
1591,33.177372,-1,30.807926,
1592,33.059444,-1,30.774763,
1593,32.942574,-1,30.741600,
1594,32.827160,-1,30.708439,
1595,32.713581,-1,30.675276,
1596,32.602150,-1,30.642113,
1597,32.493130,-1,30.608952,
1598,32.386684,-1,30.575788,
1599,32.282875,-1,30.542625,
1600,32.181633,-1,30.509464,
1601,32.082756,-1,30.476301,
1602,31.985905,-1,30.443138,
1603,31.890612,-1,30.409977,
1604,31.796314,-1,30.376814,
1605,31.702377,-1,30.343651,
1606,31.608150,-1,30.310490,
1607,31.513004,-1,30.277327,
1608,31.416395,-1,30.244164,
1609,31.317902,-1,30.211002,
1610,31.217262,-1,30.177839,
1611,31.114403,-1,30.144676,
1612,31.009441,-1,30.111515,
1613,30.902672,-1,30.078352,
1614,30.794556,-1,30.045189,
1615,30.685692,-1,30.012026,
1616,30.576799,-1,29.978865,
1617,30.468773,-1,29.945702,
1618,30.362793,-1,29.912539,
1619,30.260567,-1,29.879377,
1620,30.164528,-1,29.846214,
1621,30.077803,-1,29.813051,
1622,30.003710,-1,29.779890,
1623,29.944809,-1,29.746727,
1624,29.901899,-1,29.713564,
1625,29.873632,-1,29.680403,
1626,29.856977,0,29.647240,
1627,29.848270,0,29.614077,
1628,29.844263,0,29.580915,
1629,29.842644,0,29.547752,
1630,29.842072,0,29.514589,
1631,29.841898,0,29.481428,
1632,29.841852,0,29.448265,
1633,29.841843,0,29.415102,
1634,29.841843,0,29.381941,
1635,29.841843,0,29.348778,
1636,29.841843,0,29.315615,
1637,29.841843,0,29.282454,
1638,29.841843,0,29.249290,
1639,29.841843,0,29.216127,
1640,29.841843,0,29.182964,
1641,29.841843,0,29.149803,
1642,29.841843,0,29.116640,
1643,29.841843,0,29.083477,
1644,29.841843,0,29.050316,
1645,29.841843,0,29.017153,
1646,29.841843,0,28.983990,
1647,29.841843,0,28.950829,
1648,29.841843,0,28.917665,
1649,29.841843,0,28.884502,
1650,29.841843,0,28.851341,
1651,29.841843,0,28.818178,
1652,29.841843,0,28.785015,
1653,29.841843,0,28.751854,
1654,29.841843,0,28.718691,
1655,29.841843,0,28.685528,
1656,29.841843,0,28.652367,
1657,29.841843,0,28.619204,
1658,29.841843,0,28.586040,
1659,29.841843,0,28.552879,
1660,29.841843,0,28.519716,
1661,29.841843,0,28.486553,
1662,29.841843,0,28.453392,
1663,29.841843,0,28.420229,
1664,29.841843,0,28.387066,
1665,29.841843,0,28.353903,
1666,29.841843,0,28.320742,
1667,29.841843,0,28.287579,
1668,29.841843,0,28.254416,
1669,29.841843,0,28.221254,
1670,29.841843,0,28.188091,
1671,29.841843,0,28.154928,
1672,29.841843,0,28.121767,
1673,29.841843,0,28.088604,
1674,29.841843,0,28.055441,
1675,29.841843,0,28.022280,
1676,29.841843,0,27.989117,
1677,29.841843,0,27.955954,
1678,29.841843,0,27.922792,
1679,29.841843,0,27.889629,
1680,29.841843,0,27.856466,
1681,29.841843,0,27.823305,
1682,29.841843,0,27.790142,
1683,29.841843,0,27.756979,
1684,29.841843,0,27.723818,
1685,29.841843,0,27.690655,
1686,29.841843,0,27.657492,
1687,29.841843,0,27.624331,
1688,29.841843,0,27.591167,
1689,29.841843,0,27.558004,
1690,29.841843,0,27.524841,
1691,29.841843,0,27.491680,
1692,29.841843,0,27.458517,
1693,29.841843,0,27.425354,
1694,29.841843,0,27.392193,
1695,29.841843,0,27.359030,
1696,29.841843,0,27.325867,
1697,29.841843,0,27.292706,
1698,29.841843,0,27.259542,
1699,29.841843,0,27.226379,
1700,29.841843,0,27.193218,
1701,29.841843,0,27.160055,
1702,29.841843,0,27.126892,
1703,29.841843,0,27.093731,
1704,29.841843,0,27.060568,
1705,29.841843,0,27.027405,
1706,29.841843,0,26.994244,
1707,29.841843,0,26.961081,
1708,29.841843,0,26.927917,
1709,29.841843,0,26.894756,
1710,29.841843,0,26.861593,
1711,29.841843,0,26.828430,
1712,29.841843,0,26.795269,
1713,29.841843,0,26.762106,
1714,29.841843,0,26.728943,
1715,29.841843,0,26.695780,
1716,29.841843,0,26.662619,
1717,29.841843,0,26.629456,
1718,29.841843,0,26.596292,
1719,29.841843,0,26.563131,
1720,29.841843,0,26.529968,
1721,29.841843,0,26.496805,
1722,29.841843,0,26.463644,
1723,29.841843,0,26.430481,
1724,29.841843,0,26.397318,
1725,29.841843,0,26.364157,
1726,29.841843,0,26.330994,
1727,29.841843,0,26.297831,
1728,29.841843,0,26.264669,
1729,29.841843,0,26.231506,
1730,29.841843,0,26.198343,
1731,29.841843,0,26.165182,
1732,29.841843,0,26.132019,
1733,29.841843,0,26.098856,
1734,29.841843,0,26.065695,
1735,29.841843,0,26.032532,
1736,29.841843,0,25.999369,
1737,29.841843,0,25.966208,
1738,29.841843,0,25.933044,
1739,29.841843,0,25.899881,
1740,29.841843,0,25.866718,
1741,29.841843,0,25.833557,
1742,29.841843,0,25.800394,
1743,29.841843,0,25.767231,
1744,29.841843,0,25.734070,
1745,29.841843,0,25.700907,
1746,29.841843,0,25.667744,
1747,29.841843,0,25.634583,
1748,29.841843,0,25.601419,
1749,29.841843,0,25.568256,
1750,29.841843,0,25.535095,
1751,29.841843,0,25.501932,
1752,29.841843,0,25.468769,
1753,29.841843,0,25.435608,
1754,29.841843,0,25.402445,
1755,29.841843,0,25.369282,
1756,29.841843,0,25.336121,
1757,29.841843,0,25.302958,
1758,29.841843,0,25.269794,
1759,29.841843,0,25.236633,
1760,29.841843,0,25.203470,
1761,29.841843,0,25.170307,
1762,29.841843,0,25.137146,
1763,29.841843,0,25.103983,
1764,29.841843,0,25.070820,
1765,29.841843,0,25.037657,
1766,29.841843,0,25.004496,
1767,29.841843,0,24.971333,
1768,29.841843,0,24.938169,
1769,29.841843,0,24.905008,
1770,29.841843,0,24.871845,
1771,29.841843,0,24.838682,
1772,29.841843,0,24.805521,
1773,29.841843,0,24.772358,
1774,29.841843,0,24.739195,
1775,29.841843,0,24.706034,
1776,29.841843,0,24.672871,
1777,29.841843,0,24.639708,
1778,29.841843,0,24.606546,
1779,29.841843,0,24.573383,
1780,29.841843,0,24.540220,
1781,29.841843,0,24.507059,
1782,29.841843,0,24.473896,
1783,29.841843,0,24.440733,
1784,29.841843,0,24.407572,
1785,29.841843,0,24.374409,
1786,29.841843,0,24.341246,
1787,29.841843,0,24.308084,
1788,29.841843,0,24.274921,
1789,29.841835,0,24.241758,
1790,29.841776,0,24.208595,
1791,29.841528,0,24.175434,
1792,29.840652,0,24.142271,
1793,29.838003,0,24.109108,
1794,29.831013,-1,24.075947,
1795,29.814888,-1,24.042784,
1796,29.782221,-1,24.009621,
1797,29.723797,-1,23.976460,
1798,29.631023,-1,23.943296,
1799,29.499224,-1,23.910133,
1800,29.330248,-1,23.876972,
1801,29.132807,-1,23.843809,
1802,28.920498,-1,23.810646,
1803,28.708672,-1,23.777485,
1804,28.511690,-1,23.744322,
1805,28.341032,-1,23.711159,
1806,28.203999,-1,23.677998,
1807,28.102873,-1,23.644835,
1808,28.034966,-1,23.611671,
1809,27.993870,-1,23.578510,
1810,27.971651,-1,23.545347,
1811,27.960993,0,23.512184,
1812,27.956488,0,23.479023,
1813,27.954815,0,23.445860,
1814,27.954275,0,23.412697,
1815,27.954123,0,23.379534,
1816,27.954090,0,23.346373,
1817,27.954084,0,23.313210,
1818,27.954084,0,23.280046,
1819,27.954084,0,23.246885,
1820,27.954084,0,23.213722,
1821,27.954084,0,23.180559,
1822,27.954084,0,23.147398,
1823,27.954084,0,23.114235,
1824,27.954084,0,23.081072,
1825,27.954084,0,23.047911,
1826,27.954084,0,23.014748,
1827,27.954084,0,22.981585,
1828,27.954084,0,22.948423,
1829,27.954084,0,22.915260,
1830,27.954084,0,22.882097,
1831,27.954084,0,22.848936,
1832,27.954084,0,22.815773,
1833,27.954084,0,22.782610,
1834,27.954084,0,22.749449,
1835,27.954084,0,22.716286,
1836,27.954084,0,22.683123,
1837,27.954084,0,22.649961,
1838,27.954084,0,22.616798,
1839,27.954084,0,22.583635,
1840,27.954084,0,22.550472,
1841,27.954084,0,22.517311,
1842,27.954084,0,22.484148,
1843,27.954084,0,22.450985,
1844,27.954084,0,22.417824,
1845,27.954084,0,22.384661,
1846,27.954084,0,22.351498,
1847,27.954084,0,22.318336,
1848,27.954084,0,22.285173,
1849,27.954084,0,22.252010,
1850,27.954084,0,22.218849,
1851,27.954084,0,22.185686,
1852,27.954084,0,22.152523,
1853,27.954084,0,22.119362,
1854,27.954084,0,22.086199,
1855,27.954084,0,22.053036,
1856,27.954084,0,22.019875,
1857,27.954082,0,21.986712,
1858,27.954067,0,21.953548,
1859,27.954002,0,21.920387,
1860,27.953779,0,21.887224,
1861,27.953110,0,21.854061,
1862,27.951368,0,21.820900,
1863,27.947388,0,21.787737,
1864,27.939362,-1,21.754574,
1865,27.924992,-1,21.721411,
1866,27.901928,-1,21.688250,
1867,27.868393,-1,21.655087,
1868,27.823662,-1,21.621923,
1869,27.768129,-1,21.588762,
1870,27.703022,-1,21.555599,
1871,27.629921,-1,21.522436,
1872,27.550402,-1,21.489275,
1873,27.465885,-1,21.456112,
1874,27.377619,-1,21.422949,
1875,27.286745,-1,21.389788,
1876,27.194334,-1,21.356625,
1877,27.101383,-1,21.323462,
1878,27.008793,-1,21.290300,
1879,26.917322,-1,21.257137,
1880,26.827562,-1,21.223974,
1881,26.739910,-1,21.190813,
1882,26.654640,-1,21.157650,
1883,26.572056,-1,21.124487,
1884,26.492760,-1,21.091326,
1885,26.417974,-1,21.058163,
1886,26.349676,-1,21.025000,
1887,26.290335,-1,20.991838,
1888,26.242170,-1,20.958675,
1889,26.206257,-1,20.925512,
1890,26.182005,-1,20.892349,
1891,26.167337,0,20.859188,
1892,26.159458,0,20.826025,
1893,26.155724,0,20.792862,
1894,26.154169,0,20.759701,
1895,26.153605,0,20.726538,
1896,26.153427,0,20.693375,
1897,26.153378,0,20.660213,
1898,26.153366,0,20.627050,
1899,26.153366,0,20.593887,
1900,26.153366,0,20.560726,
1901,26.153366,0,20.527563,
1902,26.153366,0,20.494400,
1903,26.153366,0,20.461239,
1904,26.153366,0,20.428076,
1905,26.153366,0,20.394913,
1906,26.153366,0,20.361752,
1907,26.153366,0,20.328588,
1908,26.153366,0,20.295425,
1909,26.153366,0,20.262264,
1910,26.153366,0,20.229101,
1911,26.153366,0,20.195938,
1912,26.153366,0,20.162777,
1913,26.153366,0,20.129614,
1914,26.153366,0,20.096451,
1915,26.153366,0,20.063288,
1916,26.153366,0,20.030127,
1917,26.153366,0,19.996964,
1918,26.153364,0,19.963800,
1919,26.153343,0,19.930639,
1920,26.153261,0,19.897476,
1921,26.152971,0,19.864313,
1922,26.152102,0,19.831152,
1923,26.149805,0,19.797989,
1924,26.144512,-1,19.764826,
1925,26.133791,-1,19.731665,
1926,26.114567,-1,19.698502,
1927,26.083853,-1,19.665339,
1928,26.039724,-1,19.632177,
1929,25.982063,-1,19.599014,
1930,25.912598,-1,19.565851,
1931,25.834236,-1,19.532690,
1932,25.750116,-1,19.499527,
1933,25.662861,-1,19.466364,
1934,25.574316,-1,19.433203,
1935,25.485641,-1,19.400040,
1936,25.397547,-1,19.366877,
1937,25.310509,-1,19.333715,
1938,25.224892,-1,19.300552,
1939,25.141008,-1,19.267389,
1940,25.059139,-1,19.234226,
1941,24.979538,-1,19.201065,
1942,24.902437,-1,19.167902,
1943,24.828039,-1,19.134739,
1944,24.756525,-1,19.101578,
1945,24.688044,-1,19.068415,
1946,24.622715,-1,19.035252,
1947,24.560625,-1,19.002090,
1948,24.501829,-1,18.968927,
1949,24.446350,-1,18.935764,
1950,24.394165,-1,18.902603,
1951,24.345215,-1,18.869440,
1952,24.299402,-1,18.836277,
1953,24.256573,-1,18.803116,
1954,24.216520,-1,18.769953,
1955,24.178978,-1,18.736790,
1956,24.143616,-1,18.703629,
1957,24.110050,-1,18.670465,
1958,24.077833,-1,18.637302,
1959,24.046478,-1,18.604141,
1960,24.015463,-1,18.570978,
1961,23.984274,-1,18.537815,
1962,23.952414,-1,18.504652,
1963,23.919441,-1,18.471491,
1964,23.885002,-1,18.438328,
1965,23.848848,-1,18.405165,
1966,23.810858,-1,18.372004,
1967,23.771057,-1,18.338840,
1968,23.729605,-1,18.305677,
1969,23.686781,-1,18.272516,
1970,23.642984,-1,18.239353,
1971,23.598679,-1,18.206190,
1972,23.554377,-1,18.173029,
1973,23.510607,-1,18.139866,
1974,23.467873,-1,18.106703,
1975,23.426645,-1,18.073542,
1976,23.387337,-1,18.040379,
1977,23.350288,-1,18.007215,
1978,23.315765,-1,17.974054,
1979,23.283958,-1,17.940891,
1980,23.254976,-1,17.907728,
1981,23.228849,-1,17.874567,
1982,23.205524,-1,17.841404,
1983,23.184856,-1,17.808241,
1984,23.166616,-1,17.775080,
1985,23.150471,-1,17.741917,
1986,23.135984,-1,17.708754,
1987,23.122633,-1,17.675591,
1988,23.109793,-1,17.642429,
1989,23.096754,-1,17.609266,
1990,23.082748,-1,17.576103,
1991,23.066965,-1,17.542942,
1992,23.048582,-1,17.509779,
1993,23.026802,-1,17.476616,
1994,23.000875,-1,17.443455,
1995,22.970161,-1,17.410292,
1996,22.934141,-1,17.377129,
1997,22.892458,-1,17.343967,
1998,22.844938,-1,17.310804,
1999,22.791609,-1,17.277641,
2000,22.732693,-1,17.244480,
2001,22.668602,-1,17.211317,
2002,22.599901,-1,17.178154,
2003,22.527283,-1,17.144993,
2004,22.451511,-1,17.111830,
2005,22.373381,-1,17.078667,
2006,22.293640,-1,17.045506,
2007,22.212971,-1,17.012342,
2008,22.131931,-1,16.979179,
2009,22.050943,-1,16.946018,
2010,21.970264,-1,16.912855,
2011,21.890001,-1,16.879692,
2012,21.810129,-1,16.846529,
2013,21.730515,-1,16.813368,
2014,21.650948,-1,16.780205,
2015,21.571198,-1,16.747042,
2016,21.491049,-1,16.713881,
2017,21.410343,-1,16.680717,
2018,21.329023,-1,16.647554,
2019,21.247152,-1,16.614393,
2020,21.164940,-1,16.581230,
2021,21.082739,-1,16.548067,
2022,21.001022,-1,16.514906,
2023,20.920364,-1,16.481743,
2024,20.841393,-1,16.448580,
2025,20.764711,-1,16.415419,
2026,20.690826,-1,16.382256,
2027,20.620058,-1,16.349092,
2028,20.552450,-1,16.315931,
2029,20.487684,-1,16.282768,
2030,20.425030,-1,16.249605,
2031,20.363308,-1,16.216444,
2032,20.300907,-1,16.183281,
2033,20.235859,-1,16.150118,
2034,20.165934,-1,16.116957,
2035,20.088827,-1,16.083794,
2036,20.002331,-1,16.050631,
2037,19.904564,-1,16.017467,
2038,19.794159,-1,15.984306,
2039,19.670433,-1,15.951143,
2040,19.533504,-1,15.917981,
2041,19.384346,-1,15.884819,
2042,19.224733,-1,15.851656,
2043,19.057142,-1,15.818494,
2044,18.884596,-1,15.785331,
2045,18.710432,-1,15.752169,
2046,18.538084,-1,15.719007,
2047,18.370871,-1,15.685843,
2048,18.211802,-1,15.652681,
2049,18.063427,-1,15.619519,
2050,17.927763,-1,15.586356,
2051,17.806236,-1,15.553194,
2052,17.699696,-1,15.520032,
2053,17.608425,-1,15.486869,
2054,17.532211,-1,15.453707,
2055,17.470375,-1,15.420544,
2056,17.421837,-1,15.387382,
2057,17.385151,-1,15.354219,
2058,17.358561,-1,15.321056,
2059,17.340023,-1,15.287894,
2060,17.327269,0,15.254732,
2061,17.317848,0,15.221569,
2062,17.309200,-1,15.188407,
2063,17.298723,-1,15.155245,
2064,17.283865,-1,15.122082,
2065,17.262209,-1,15.088920,
2066,17.231558,-1,15.055758,
2067,17.190035,-1,15.022594,
2068,17.136145,-1,14.989432,
2069,17.068827,-1,14.956269,
2070,16.987507,-1,14.923107,
2071,16.892094,-1,14.889945,
2072,16.782984,-1,14.856782,
2073,16.661011,-1,14.823620,
2074,16.527409,-1,14.790458,
2075,16.383720,-1,14.757295,
2076,16.231712,-1,14.724133,
2077,16.073280,-1,14.690970,
2078,15.910341,-1,14.657807,
2079,15.744753,-1,14.624645,
2080,15.578227,-1,14.591482,
2081,15.412280,-1,14.558320,
2082,15.248187,-1,14.525158,
2083,15.086968,-1,14.491995,
2084,14.929397,-1,14.458833,
2085,14.776009,-1,14.425671,
2086,14.627141,-1,14.392508,
2087,14.482965,-1,14.359345,
2088,14.343527,-1,14.326183,
2089,14.208777,-1,14.293020,
2090,14.078616,-1,14.259858,
2091,13.952911,-1,14.226696,
2092,13.831521,-1,14.193533,
2093,13.714320,-1,14.160371,
2094,13.601207,-1,14.127208,
2095,13.492126,-1,14.094046,
2096,13.387067,-1,14.060884,
2097,13.286082,-1,14.027720,
2098,13.189282,-1,13.994558,
2099,13.096841,-1,13.961396,
2100,13.008980,-1,13.928233,
2101,12.925959,-1,13.895071,
2102,12.848046,-1,13.861909,
2103,12.775494,-1,13.828746,
2104,12.708479,-1,13.795584,
2105,12.647073,-1,13.762421,
2106,12.591176,-1,13.729259,
2107,12.540469,-1,13.696096,
2108,12.494364,-1,13.662933,
2109,12.451971,-1,13.629771,
2110,12.412089,-1,13.596609,
2111,12.373210,-1,13.563446,
2112,12.333569,-1,13.530284,
2113,12.291218,-1,13.497122,
2114,12.244138,-1,13.463959,
2115,12.190369,-1,13.430797,
2116,12.128168,-1,13.397635,
2117,12.056177,-1,13.364471,
2118,11.973603,-1,13.331309,
2119,11.880466,-1,13.298146,
2120,11.777915,-1,13.264984,
2121,11.668634,-1,13.231822,
2122,11.557134,-1,13.198659,
2123,11.449594,-1,13.165497,
2124,11.352910,-1,13.132335,
2125,11.272997,-1,13.099172,
2126,11.213033,-1,13.066010,
2127,11.172621,-1,13.032847,
2128,11.148372,-1,12.999684,
2129,11.135508,0,12.966522,
2130,11.129505,0,12.933359,
2131,11.127053,0,12.900197,
2132,11.126180,0,12.867035,
2133,11.125910,0,12.833872,
2134,11.125838,0,12.800710,
2135,11.125824,0,12.767548,
2136,11.125822,0,12.734385,
2137,11.125822,0,12.701222,
2138,11.125822,0,12.668060,
2139,11.125822,0,12.634897,
2140,11.125822,0,12.601735,
2141,11.125822,0,12.568573,
2142,11.125822,0,12.535410,
2143,11.125822,0,12.502248,
2144,11.125822,0,12.469085,
2145,11.125822,0,12.435923,
2146,11.125822,0,12.402761,
2147,11.125822,0,12.369597,
2148,11.125822,0,12.336435,
2149,11.125822,0,12.303273,
2150,11.125822,0,12.270110,
2151,11.125822,0,12.236948,
2152,11.125822,0,12.203786,
2153,11.125822,0,12.170623,
2154,11.125822,0,12.137461,
2155,11.125822,0,12.104298,
2156,11.125822,0,12.071136,
2157,11.125822,0,12.037973,
2158,11.125822,0,12.004810,
2159,11.125822,0,11.971648,
2160,11.125822,0,11.938486,
2161,11.125822,0,11.905323,
2162,11.125822,0,11.872161,
2163,11.125822,0,11.838999,
2164,11.125822,0,11.805836,
2165,11.125822,0,11.772674,
2166,11.125822,0,11.739511,
2167,11.125822,0,11.706348,
2168,11.125822,0,11.673186,
2169,11.125822,0,11.640023,
2170,11.125822,0,11.606861,
2171,11.125822,0,11.573699,
2172,11.125822,0,11.540536,
2173,11.125822,0,11.507374,
2174,11.125821,0,11.474212,
2175,11.125813,0,11.441049,
2176,11.125784,0,11.407887,
2177,11.125688,0,11.374724,
2178,11.125413,0,11.341561,
2179,11.124735,0,11.308399,
2180,11.123269,0,11.275236,
2181,11.120486,0,11.242074,
2182,11.115816,0,11.208912,
2183,11.108822,0,11.175749,
2184,11.099358,-1,11.142587,
2185,11.087596,-1,11.109425,
2186,11.073897,-1,11.076262,
2187,11.058599,-1,11.043099,
2188,11.041860,-1,11.009937,
2189,11.023623,-1,10.976774,
2190,11.003690,-1,10.943612,
2191,10.981827,-1,10.910450,
2192,10.957858,-1,10.877287,
2193,10.931717,-1,10.844125,
2194,10.903463,-1,10.810962,
2195,10.873276,-1,10.777800,
2196,10.841423,-1,10.744637,
2197,10.808236,-1,10.711474,
2198,10.774062,-1,10.678312,
2199,10.739229,-1,10.645150,
2200,10.704008,-1,10.611987,
2201,10.668581,-1,10.578825,
2202,10.633028,-1,10.545663,
2203,10.597315,-1,10.512500,
2204,10.561302,-1,10.479338,
2205,10.524766,-1,10.446175,
2206,10.487422,-1,10.413013,
2207,10.448965,-1,10.379850,
2208,10.409101,-1,10.346687,
2209,10.367586,-1,10.313525,
2210,10.324247,-1,10.280363,
2211,10.279005,-1,10.247200,
2212,10.231874,-1,10.214038,
2213,10.182959,-1,10.180876,
2214,10.132438,-1,10.147713,
2215,10.080536,-1,10.114551,
2216,10.027494,-1,10.081388,
2217,9.973543,-1,10.048225,
2218,9.918875,-1,10.015063,
2219,9.863625,-1,9.981900,
2220,9.807855,-1,9.948738,
2221,9.751565,-1,9.915576,
2222,9.694691,-1,9.882413,
2223,9.637134,-1,9.849251,
2224,9.578774,-1,9.816089,
2225,9.519513,-1,9.782926,
2226,9.459295,-1,9.749763,
2227,9.398136,-1,9.716601,
2228,9.336151,-1,9.683438,
2229,9.273564,-1,9.650276,
2230,9.210715,-1,9.617113,
2231,9.148053,-1,9.583951,
2232,9.086115,-1,9.550789,
2233,9.025495,-1,9.517626,
2234,8.966805,-1,9.484464,
2235,8.910631,-1,9.451302,
2236,8.857480,-1,9.418139,
2237,8.807734,-1,9.384976,
2238,8.761615,-1,9.351814,
2239,8.719148,-1,9.318651,
2240,8.680153,-1,9.285489,
2241,8.644243,-1,9.252326,
2242,8.610845,-1,9.219164,
2243,8.579231,-1,9.186002,
2244,8.548575,-1,9.152839,
2245,8.518006,-1,9.119677,
2246,8.486674,-1,9.086514,
2247,8.453815,-1,9.053351,
2248,8.418805,-1,9.020189,
2249,8.381212,-1,8.987027,
2250,8.340819,-1,8.953864,
2251,8.297644,-1,8.920702,
2252,8.251927,-1,8.887540,
2253,8.204115,-1,8.854377,
2254,8.154815,-1,8.821215,
2255,8.104748,-1,8.788052,
2256,8.054688,-1,8.754889,
2257,8.005411,-1,8.721727,
2258,7.957635,-1,8.688564,
2259,7.911975,-1,8.655402,
2260,7.868917,-1,8.622240,
2261,7.828793,-1,8.589077,
2262,7.791779,-1,8.555915,
2263,7.757908,-1,8.522753,
2264,7.727086,-1,8.489590,
2265,7.699119,-1,8.456428,
2266,7.673752,-1,8.423265,
2267,7.650698,-1,8.390102,
2268,7.629668,-1,8.356940,
2269,7.610404,-1,8.323777,
2270,7.592699,-1,8.290615,
2271,7.576407,-1,8.257453,
2272,7.561457,-1,8.224290,
2273,7.547845,-1,8.191128,
2274,7.535634,-1,8.157966,
2275,7.524926,0,8.124803,
2276,7.515843,0,8.091640,
2277,7.508477,0,8.058478,
2278,7.502837,0,8.025315,
2279,7.498812,0,7.992153,
2280,7.496164,0,7.958991,
2281,7.494554,0,7.925828,
2282,7.493597,0,7.892665,
2283,7.492887,0,7.859503,
2284,7.491986,0,7.826341,
2285,7.490369,0,7.793178,
2286,7.487382,0,7.760016,
2287,7.482246,0,7.726853,
2288,7.474117,-1,7.693691,
2289,7.462188,-1,7.660528,
2290,7.445772,-1,7.627366,
2291,7.424353,-1,7.594203,
2292,7.397598,-1,7.561041,
2293,7.365349,-1,7.527879,
2294,7.327620,-1,7.494716,
2295,7.284587,-1,7.461554,
2296,7.236589,-1,7.428391,
2297,7.184115,-1,7.395229,
2298,7.127786,-1,7.362066,
2299,7.068333,-1,7.328904,
2300,7.006567,-1,7.295741,
2301,6.943339,-1,7.262579,
2302,6.879509,-1,7.229416,
2303,6.815904,-1,7.196254,
2304,6.753280,-1,7.163092,
2305,6.692297,-1,7.129929,
2306,6.633489,-1,7.096766,
2307,6.577248,-1,7.063604,
2308,6.523819,-1,7.030442,
2309,6.473300,-1,6.997279,
2310,6.425653,-1,6.964117,
2311,6.380721,-1,6.930954,
2312,6.338250,-1,6.897792,
2313,6.297920,-1,6.864629,
2314,6.259367,-1,6.831467,
2315,6.222212,-1,6.798305,
2316,6.186087,-1,6.765142,
2317,6.150650,-1,6.731979,
2318,6.115606,-1,6.698817,
2319,6.080720,-1,6.665655,
2320,6.045819,-1,6.632492,
2321,6.010796,-1,6.599329,
2322,5.975608,-1,6.566167,
2323,5.940267,-1,6.533005,
2324,5.904826,-1,6.499842,
2325,5.869367,-1,6.466680,
2326,5.833980,-1,6.433517,
2327,5.798749,-1,6.400355,
2328,5.763729,-1,6.367192,
2329,5.728934,-1,6.334030,
2330,5.694324,-1,6.300868,
2331,5.659800,-1,6.267705,
2332,5.625206,-1,6.234542,
2333,5.590336,-1,6.201380,
2334,5.554942,-1,6.168218,
2335,5.518754,-1,6.135055,
2336,5.481498,-1,6.101893,
2337,5.442914,-1,6.068730,
2338,5.402773,-1,6.035568,
2339,5.360896,-1,6.002405,
2340,5.317161,-1,5.969243,
2341,5.271517,-1,5.936080,
2342,5.223985,-1,5.902918,
2343,5.174663,-1,5.869756,
2344,5.123717,-1,5.836593,
2345,5.071383,-1,5.803431,
2346,5.017953,-1,5.770268,
2347,4.963768,-1,5.737106,
2348,4.909200,-1,5.703943,
2349,4.854637,-1,5.670781,
2350,4.800464,-1,5.637618,
2351,4.747045,-1,5.604456,
2352,4.694704,-1,5.571293,
2353,4.643704,-1,5.538131,
2354,4.594243,-1,5.504969,
2355,4.546434,-1,5.471806,
2356,4.500316,-1,5.438643,
2357,4.455848,-1,5.405481,
2358,4.412927,-1,5.372319,
2359,4.371403,-1,5.339156,
2360,4.331105,-1,5.305994,
2361,4.291862,-1,5.272831,
2362,4.253530,-1,5.239669,
2363,4.216013,-1,5.206506,
2364,4.179289,-1,5.173344,
2365,4.143413,-1,5.140182,
2366,4.108520,-1,5.107019,
2367,4.074824,-1,5.073856,
2368,4.042589,-1,5.040694,
2369,4.012107,-1,5.007532,
2370,3.983654,-1,4.974369,
2371,3.957448,-1,4.941206,
2372,3.933599,-1,4.908044,
2373,3.912066,-1,4.874882,
2374,3.892615,-1,4.841719,
2375,3.874795,-1,4.808557,
2376,3.857924,-1,4.775394,
2377,3.841107,-1,4.742232,
2378,3.823263,-1,4.709069,
2379,3.803185,-1,4.675907,
2380,3.779614,-1,4.642745,
2381,3.751330,-1,4.609582,
2382,3.717244,-1,4.576419,
2383,3.676495,-1,4.543257,
2384,3.628518,-1,4.510095,
2385,3.573111,-1,4.476932,
2386,3.510452,-1,4.443770,
2387,3.441098,-1,4.410607,
2388,3.365950,-1,4.377445,
2389,3.286184,-1,4.344282,
2390,3.203175,-1,4.311120,
2391,3.118397,-1,4.277957,
2392,3.033334,-1,4.244795,
2393,2.949405,-1,4.211632,
2394,2.867910,-1,4.178470,
2395,2.790030,-1,4.145308,
2396,2.716887,-1,4.112145,
2397,2.649642,-1,4.078983,
2398,2.589573,-1,4.045820,
2399,2.538024,-1,4.012658,
2400,2.496124,-1,3.979495,
2401,2.464362,-1,3.946333,
2402,2.442247,-1,3.913170,
2403,2.428291,0,3.880008,
2404,2.420400,0,3.846845,
2405,2.416439,0,3.813683,
2406,2.414687,0,3.780520,
2407,2.414007,0,3.747358,
2408,2.413778,0,3.714195,
2409,2.413711,0,3.681033,
2410,2.413695,0,3.647871,
2411,2.413692,0,3.614708,
2412,2.413692,0,3.581546,
2413,2.413692,0,3.548383,
2414,2.413692,0,3.515221,
2415,2.413692,0,3.482058,
2416,2.413692,0,3.448896,
2417,2.413692,0,3.415733,
2418,2.413692,0,3.382571,
2419,2.413692,0,3.349409,
2420,2.413692,0,3.316246,
2421,2.413692,0,3.283084,
2422,2.413692,0,3.249921,
2423,2.413692,0,3.216759,
2424,2.413692,0,3.183596,
2425,2.413692,0,3.150434,
2426,2.413692,0,3.117271,
2427,2.413692,0,3.084109,
2428,2.413692,0,3.050946,
2429,2.413692,0,3.017784,
2430,2.413692,0,2.984622,
2431,2.413692,0,2.951459,
2432,2.413692,0,2.918297,
2433,2.413692,0,2.885134,
2434,2.413692,0,2.851972,
2435,2.413688,0,2.818809,
2436,2.413667,0,2.785647,
2437,2.413579,0,2.752484,
2438,2.413269,0,2.719322,
2439,2.412337,0,2.686159,
2440,2.409899,0,2.652997,
2441,2.404318,-1,2.619834,
2442,2.393103,-1,2.586672,
2443,2.373214,-1,2.553509,
2444,2.341900,-1,2.520347,
2445,2.297794,-1,2.487185,
2446,2.241710,-1,2.454022,
2447,2.176624,-1,2.420860,
2448,2.106840,-1,2.387697,
2449,2.036818,-1,2.354535,
2450,1.970242,-1,2.321372,
2451,1.909632,-1,2.288210,
2452,1.856383,-1,2.255047,
2453,1.811026,-1,2.221885,
2454,1.773490,-1,2.188722,
2455,1.743309,-1,2.155560,
2456,1.719761,-1,2.122397,
2457,1.701973,-1,2.089235,
2458,1.689004,0,2.056072,
2459,1.679912,0,2.022910,
2460,1.673805,0,1.989748,
2461,1.669882,0,1.956585,
2462,1.667462,0,1.923423,
2463,1.665993,0,1.890260,
2464,1.665053,0,1.857098,
2465,1.664350,0,1.823935,
2466,1.663702,0,1.790773,
2467,1.663023,0,1.757610,
2468,1.662301,0,1.724448,
2469,1.661576,0,1.691285,
2470,1.660906,0,1.658123,
2471,1.660348,0,1.624961,
2472,1.659931,0,1.591798,
2473,1.659654,0,1.558636,
2474,1.659492,0,1.525473,
2475,1.659408,0,1.492311,
2476,1.659371,0,1.459148,
2477,1.659355,0,1.425986,
2478,1.659349,0,1.392823,
2479,1.659345,0,1.359661,
2480,1.659334,0,1.326498,
2481,1.659310,0,1.293336,
2482,1.659257,0,1.260174,
2483,1.659155,0,1.227011,
2484,1.658986,0,1.193849,
2485,1.658738,0,1.160686,
2486,1.658413,0,1.127524,
2487,1.658034,0,1.094361,
2488,1.657637,0,1.061199,
2489,1.657258,0,1.028036,
2490,1.656925,0,0.994874,
2491,1.656647,0,0.961711,
2492,1.656417,0,0.928549,
2493,1.656210,0,0.895386,
2494,1.655992,0,0.862224,
2495,1.655723,0,0.829062,
2496,1.655362,0,0.795899,
2497,1.654871,0,0.762737,
2498,1.654217,0,0.729574,
2499,1.653368,0,0.696412,
2500,1.652298,0,0.663249,
2501,1.650979,0,0.630087,
2502,1.649383,0,0.596924,
2503,1.647477,0,0.563762,
2504,1.645227,0,0.530599,
2505,1.642600,0,0.497437,
2506,1.639564,0,0.464274,
2507,1.636100,0,0.431112,
2508,1.632201,0,0.397950,
2509,1.627887,0,0.364787,
2510,1.623203,0,0.331625,
2511,1.618226,0,0.298462,
2512,1.613063,0,0.265300,
2513,1.607851,0,0.232137,
2514,1.602747,0,0.198975,
2515,1.597926,0,0.165812,
2516,1.593565,0,0.132650,
2517,1.589835,0,0.099487,
2518,1.586888,0,0.066325,
2519,1.584849,0,0.033162,
2520,1.583807,0,0.000000,
