frame_number,label_m,triangle_m,inward_to_return_m,return_to_inward_m
400,-0.085969,0.000000,nan,11.994239
401,-0.086878,0.064943,nan,11.994239
402,-0.087765,0.129886,nan,11.994239
403,-0.088624,0.194828,nan,11.994239
404,-0.089450,0.259771,nan,11.994239
405,-0.090244,0.324714,nan,11.994239
406,-0.091006,0.389657,nan,11.994239
407,-0.091726,0.454599,nan,11.994239
408,-0.092411,0.519542,nan,11.994239
409,-0.093060,0.584485,nan,11.994239
410,-0.093674,0.649428,nan,11.994239
411,-0.094253,0.714371,nan,11.994239
412,-0.094789,0.779313,nan,11.994239
413,-0.095287,0.844256,nan,11.994239
414,-0.095751,0.909199,nan,11.994239
415,-0.096183,0.974142,nan,11.994239
416,-0.096582,1.039084,nan,11.994239
417,-0.096946,1.104027,nan,11.994239
418,-0.097276,1.168970,nan,11.994239
419,-0.097579,1.233913,nan,11.994239
420,-0.097856,1.298856,nan,11.994239
421,-0.098108,1.363798,nan,11.994239
422,-0.098334,1.428741,nan,11.994239
423,-0.098535,1.493684,nan,11.994239
424,-0.098716,1.558627,nan,11.994239
425,-0.098879,1.623569,nan,11.994239
426,-0.099026,1.688512,nan,11.994239
427,-0.099155,1.753455,nan,11.994239
428,-0.099267,1.818398,nan,11.994239
429,-0.099367,1.883341,nan,11.994239
430,-0.099455,1.948283,nan,11.994239
431,-0.099533,2.013226,nan,11.994239
432,-0.099601,2.078169,nan,11.994239
433,-0.099659,2.143112,nan,11.994239
434,-0.099709,2.208055,nan,11.994239
435,-0.099753,2.272997,nan,11.994239
436,-0.099792,2.337940,nan,11.994239
437,-0.099825,2.402883,nan,11.994239
438,-0.099852,2.467826,nan,11.994239
439,-0.099876,2.532768,nan,11.994239
440,-0.099896,2.597711,nan,11.994239
441,-0.099913,2.662654,nan,11.994239
442,-0.099928,2.727597,nan,11.994239
443,-0.099940,2.792540,nan,11.994239
444,-0.099951,2.857482,nan,11.994239
445,-0.099959,2.922425,nan,11.994239
446,-0.099967,2.987368,nan,12.573166
447,-0.099973,3.052311,nan,12.573166
448,-0.099978,3.117254,nan,12.573166
449,-0.099982,3.182196,nan,12.573166
450,-0.099985,3.247139,nan,12.573166
451,-0.099988,3.312082,nan,12.573166
452,-0.099991,3.377025,nan,12.573166
453,-0.099999,3.441967,nan,12.573166
454,-0.100000,3.506910,nan,12.573166
455,-0.100000,3.571853,nan,12.573166
456,-0.100000,3.636796,nan,12.573166
457,-0.100000,3.701738,nan,12.573166
458,-0.100000,3.766681,nan,12.573166
459,-0.100000,3.831624,nan,12.573166
460,-0.100000,3.896567,nan,12.573166
461,-0.100000,3.961509,nan,12.573166
462,-0.100000,4.026453,nan,12.573166
463,-0.100000,4.091395,nan,12.573166
464,-0.100000,4.156338,nan,12.573166
465,-0.100000,4.221281,nan,12.573166
466,-0.100000,4.286223,nan,12.573166
467,-0.100000,4.351166,nan,12.573166
468,-0.100000,4.416109,nan,12.573166
469,-0.100000,4.481052,nan,12.573166
470,-0.100000,4.545995,nan,12.573166
471,-0.100000,4.610938,nan,12.573166
472,-0.100000,4.675880,nan,12.573166
473,-0.100000,4.740823,nan,12.573166
474,-0.100000,4.805766,nan,12.573166
475,-0.100000,4.870708,nan,12.573166
476,-0.100000,4.935651,nan,12.573166
477,-0.100000,5.000594,nan,12.573166
478,-0.100000,5.065537,nan,12.573166
479,-0.100000,5.130480,nan,12.573166
480,-0.100000,5.195422,nan,12.573166
481,-0.100000,5.260365,nan,12.573166
482,-0.100000,5.325308,nan,12.573166
483,-0.100000,5.390251,nan,12.573166
484,-0.100000,5.455194,nan,12.573166
485,-0.100000,5.520136,nan,12.573166
486,-0.100000,5.585079,nan,12.573166
487,-0.100000,5.650022,nan,12.573166
488,-0.100000,5.714965,nan,12.573166
489,-0.100000,5.779907,nan,12.573166
490,-0.100000,5.844850,nan,12.573166
491,-0.100000,5.909793,nan,12.573166
492,-0.100000,5.974736,nan,12.573166
493,-0.100000,6.039679,nan,12.573166
494,-0.100000,6.104621,nan,12.573166
495,-0.100000,6.169564,nan,12.573166
496,-0.100000,6.234507,nan,12.573166
497,-0.100000,6.299449,nan,12.573166
498,-0.100000,6.364392,nan,12.573166
499,-0.100000,6.429335,nan,12.573166
500,-0.100000,6.494278,nan,12.573166
501,-0.100000,6.559221,nan,12.573166
502,-0.100000,6.624164,nan,12.573166
503,-0.100000,6.689106,nan,12.573166
504,-0.100000,6.754049,nan,12.573166
505,-0.100000,6.818992,nan,12.573166
506,-0.100000,6.883934,nan,12.573166
507,-0.100000,6.948877,nan,12.573166
508,-0.100000,7.013820,nan,12.573166
509,-0.100000,7.078763,nan,12.573166
510,-0.100000,7.143706,nan,12.573166
511,-0.100000,7.208649,nan,12.573166
512,-0.100000,7.273592,nan,12.573166
513,-0.100000,7.338534,nan,12.573166
514,-0.100000,7.403477,nan,12.573166
515,-0.100000,7.468420,nan,12.573166
516,-0.100000,7.533362,nan,12.573166
517,-0.100000,7.598305,nan,12.573166
518,-0.100000,7.663248,nan,12.573166
519,-0.100000,7.728191,nan,12.573166
520,-0.100000,7.793134,nan,12.573166
521,-0.100000,7.858077,nan,12.573166
522,-0.100000,7.923019,nan,12.573166
523,-0.100000,7.987962,nan,12.573166
524,-0.100000,8.052905,nan,12.573166
525,-0.100000,8.117847,nan,12.573166
526,-0.100000,8.182791,nan,12.573166
527,-0.100000,8.247733,nan,12.573166
528,-0.100000,8.312675,nan,12.573166
529,-0.100000,8.377619,nan,12.573166
530,-0.100000,8.442561,nan,12.573166
531,-0.099994,8.507504,nan,12.573166
532,-0.099985,8.572447,nan,12.573166
533,-0.099973,8.637390,nan,12.573166
534,-0.099960,8.702332,nan,12.573166
535,-0.099942,8.767275,nan,12.573166
536,-0.099921,8.832218,nan,12.687294
537,-0.099895,8.897161,nan,12.839783
538,-0.099864,8.962104,nan,13.039492
539,-0.099828,9.027046,nan,13.300933
540,-0.099786,9.091990,nan,13.637035
541,-0.099734,9.156932,nan,14.055422
542,-0.099670,9.221875,nan,14.555647
543,-0.099591,9.286818,nan,15.128005
544,-0.099499,9.351760,nan,15.754887
545,-0.099386,9.416703,nan,16.414837
546,-0.099249,9.481646,nan,17.086544
547,-0.099085,9.546589,nan,17.752289
548,-0.098892,9.611531,nan,18.398487
549,-0.098665,9.676475,nan,19.014235
550,-0.098391,9.741417,nan,19.588942
551,-0.098061,9.806360,nan,20.111853
552,-0.097680,9.871303,nan,20.574091
553,-0.097236,9.936245,nan,20.973560
554,-0.096717,10.001188,nan,21.319487
555,-0.096113,10.066131,nan,21.634321
556,-0.095393,10.131074,nan,21.950899
557,-0.094565,10.196016,nan,22.305248
558,-0.093616,10.260960,nan,22.727720
559,-0.092531,10.325902,nan,23.235474
560,-0.091286,10.390844,nan,23.829060
561,-0.089811,10.455788,nan,24.493258
562,-0.088133,10.520730,nan,25.201042
563,-0.086232,10.585673,nan,25.918707
564,-0.084085,10.650616,nan,26.029396
565,-0.081671,10.715559,nan,26.029396
566,-0.078846,10.780501,nan,26.029396
567,-0.075670,10.845445,nan,26.029396
568,-0.072112,10.910387,nan,26.029396
569,-0.068140,10.975329,nan,26.029396
570,-0.063718,11.040273,nan,26.029396
571,-0.058654,11.105215,nan,26.029396
572,-0.052998,11.170158,nan,26.029396
573,-0.046731,11.235101,nan,26.029396
574,-0.039807,11.300044,nan,26.029396
575,-0.032179,11.364986,nan,26.029396
576,-0.023593,11.429930,nan,26.029396
577,-0.014081,11.494872,nan,26.029396
578,-0.003652,11.559814,nan,26.029396
579,0.007753,11.624758,nan,26.029396
580,0.020196,11.689700,nan,26.029396
581,0.033992,11.754643,nan,26.029396
582,0.049150,11.819586,nan,26.029396
583,0.065608,11.884529,nan,26.029396
584,0.083437,11.949471,nan,26.029396
585,0.102713,12.014414,nan,26.029396
586,0.123774,12.079357,nan,26.029396
587,0.146742,12.144300,nan,26.029396
588,0.171452,12.209243,nan,26.029396
589,0.197983,12.274185,nan,26.029396
590,0.226417,12.339128,nan,26.029396
591,0.257096,12.404071,nan,26.029396
592,0.290309,12.469014,nan,26.029396
593,0.325741,12.533957,nan,26.029396
594,0.363476,12.598899,nan,26.029396
595,0.403593,12.663842,nan,26.029396
596,0.446392,12.728785,nan,26.029396
597,0.492400,12.793728,nan,26.029396
598,0.541110,12.858670,nan,26.029396
599,0.592596,12.923614,nan,26.029396
600,0.646933,12.988556,nan,26.029396
601,0.704330,13.053499,nan,26.029396
602,0.765598,13.118442,nan,26.029396
603,0.829999,13.183384,nan,26.029396
604,0.897598,13.248327,nan,26.029396
605,0.968453,13.313270,nan,26.029396
606,1.042644,13.378213,nan,26.029396
607,1.121304,13.443155,nan,26.029396
608,1.203437,13.508099,nan,26.029396
609,1.289090,13.573041,nan,26.029396
610,1.378299,13.637984,nan,26.029396
611,1.471107,13.702927,nan,26.029396
612,1.568594,13.767869,nan,26.029396
613,1.669890,13.832812,nan,26.029396
614,1.774884,13.897755,nan,26.029396
615,1.883595,13.962698,nan,26.029396
616,1.996027,14.027640,nan,26.029396
617,2.113110,14.092584,nan,26.029396
618,2.234191,14.157526,nan,26.029396
619,2.358988,14.222468,nan,26.029396
620,2.487481,14.287412,nan,26.387333
621,2.619659,14.352354,nan,26.788883
622,2.756240,14.417297,nan,27.086536
623,2.896829,14.482240,nan,27.285269
624,3.040979,14.547183,nan,27.291443
625,3.188640,14.612125,nan,27.291443
626,3.339773,14.677069,nan,27.291443
627,3.494880,14.742011,nan,27.291443
628,3.653821,14.806953,nan,27.291443
629,3.816007,14.871897,nan,27.291443
630,3.981379,14.936839,nan,27.291443
631,4.149862,15.001782,nan,27.291443
632,4.321775,15.066725,nan,27.291443
633,4.497166,15.131668,nan,27.291443
634,4.675378,15.196610,nan,27.291443
635,4.856332,15.261554,nan,27.291443
636,5.039951,15.326496,nan,27.339111
637,5.226356,15.391438,nan,27.437153
638,5.415753,15.456382,nan,27.522829
639,5.607461,15.521324,nan,27.585894
640,5.801394,15.586267,nan,27.624819
641,5.997435,15.651210,nan,27.646467
642,6.195610,15.716153,nan,27.663671
643,6.396152,15.781096,nan,27.691341
644,6.598427,15.846038,nan,27.742920
645,6.802325,15.910981,nan,27.827511
646,7.007739,15.975924,nan,27.947994
647,7.214579,16.040867,nan,28.101059
648,7.423029,16.105810,nan,28.278227
649,7.632539,16.170752,nan,28.468479
650,7.843009,16.235695,nan,28.661015
651,8.054291,16.300638,nan,28.847767
652,8.266273,16.365582,nan,29.024643
653,8.478894,16.430523,nan,29.191235
654,8.691838,16.495466,nan,29.349781
655,8.904949,16.560410,nan,29.504150
656,9.118071,16.625351,nan,29.659195
657,9.331075,16.690294,nan,29.820223
658,9.543648,16.755238,nan,29.992382
659,9.755634,16.820181,nan,30.178972
660,9.966901,16.885122,nan,30.379831
661,10.177272,16.950066,nan,30.589823
662,10.386588,17.015009,nan,30.799318
663,10.594395,17.079950,nan,30.996372
664,10.800540,17.144894,nan,31.169867
665,11.005009,17.209837,nan,31.312355
666,11.207618,17.274780,nan,31.421354
667,11.408231,17.339722,nan,31.499079
668,11.606262,17.404665,nan,31.550718
669,11.801499,17.469608,nan,31.582457
670,11.994122,17.534550,nan,31.599974
671,12.183984,17.599493,nan,31.607786
672,12.370945,17.664436,nan,31.608835
673,12.554433,17.729380,nan,31.608835
674,12.734064,17.794321,nan,31.608835
675,12.910296,17.859264,nan,31.615665
676,13.083024,17.924208,nan,31.635223
677,13.252147,17.989151,nan,31.672825
678,13.417210,18.054092,nan,31.731979
679,13.577578,18.119036,nan,31.813051
680,13.734050,18.183979,nan,31.913008
681,13.886553,18.248920,nan,32.026123
682,14.035051,18.313864,nan,32.145519
683,14.179284,18.378807,nan,32.265068
684,14.318390,18.443750,nan,32.381035
685,14.453440,18.508692,nan,32.492844
686,14.584439,18.573635,nan,32.602798
687,14.711416,18.638578,nan,32.714890
688,14.834333,18.703520,nan,32.833176
689,14.952146,18.768463,nan,32.960426
690,15.066135,18.833406,nan,33.097546
691,15.176369,18.898350,nan,33.243595
692,15.282928,18.963291,nan,33.396313
693,15.385916,19.028234,nan,33.552887
694,15.484445,19.093178,nan,33.710278
695,15.579642,19.158119,nan,33.865612
696,15.671695,19.223063,nan,34.016087
697,15.760741,19.288006,nan,34.159096
698,15.846910,19.352949,nan,34.292213
699,15.929691,19.417891,nan,34.391781
700,16.009840,19.482834,nan,34.391781
701,16.087677,19.547777,nan,34.391781
702,16.163347,19.612720,nan,34.391781
703,16.237005,19.677662,nan,34.391781
704,16.308432,19.742605,nan,34.391781
705,16.378101,19.807549,nan,34.391781
706,16.446348,19.872490,nan,34.391781
707,16.513311,19.937433,nan,34.391781
708,16.579140,20.002377,nan,34.391781
709,16.643827,20.067320,nan,34.391781
710,16.707645,20.132261,nan,34.391781
711,16.770857,20.197205,nan,34.391781
712,16.833582,20.262148,nan,34.391781
713,16.895945,20.327089,nan,34.391781
714,16.958050,20.392033,nan,34.391781
715,17.020071,20.456976,nan,34.391781
716,17.082140,20.521919,nan,34.391781
717,17.144337,20.586861,nan,34.391781
718,17.206762,20.651804,nan,34.391781
719,17.269524,20.716747,nan,34.391781
720,17.332781,20.781689,nan,34.391781
721,17.396523,20.846632,nan,34.391781
722,17.460789,20.911575,nan,34.391781
723,17.525631,20.976519,nan,34.391781
724,17.591127,21.041460,nan,34.391781
725,17.657454,21.106403,nan,34.391781
726,17.724468,21.171347,nan,34.391781
727,17.792185,21.236290,nan,34.391781
728,17.860615,21.301231,nan,34.391781
729,17.929781,21.366175,nan,34.391781
730,17.999874,21.431118,nan,34.391781
731,18.070671,21.496059,nan,34.391781
732,18.142157,21.561003,nan,34.391781
733,18.214321,21.625946,nan,34.391781
734,18.287138,21.690889,nan,34.391781
735,18.360762,21.755831,nan,34.391781
736,18.434980,21.820774,nan,34.391781
737,18.509748,21.885717,nan,34.391781
738,18.585037,21.950659,nan,34.391781
739,18.660803,22.015602,nan,34.391781
740,18.737122,22.080545,nan,34.391781
741,18.813833,22.145489,nan,34.391781
742,18.890879,22.210430,nan,34.391781
743,18.968214,22.275373,nan,34.391781
744,19.045809,22.340317,nan,34.391781
745,19.123644,22.405258,nan,34.391781
746,19.201632,22.470201,nan,34.391781
747,19.279699,22.535145,nan,34.391781
748,19.357815,22.600088,nan,34.391781
749,19.435936,22.665030,nan,34.391781
750,19.513998,22.729973,nan,34.391781
751,19.591946,22.794916,nan,34.391781
752,19.669741,22.859859,nan,34.391781
753,19.747345,22.924801,nan,34.391781
754,19.824722,22.989744,nan,34.391781
755,19.901783,23.054688,nan,34.391781
756,19.978462,23.119629,nan,34.391781
757,20.054771,23.184572,nan,34.391781
758,20.130678,23.249516,nan,34.391781
759,20.206152,23.314459,nan,34.391781
760,20.281101,23.379400,nan,34.391781
761,20.355434,23.444344,nan,34.391781
762,20.429220,23.509287,nan,34.391781
763,20.502432,23.574228,nan,34.391781
764,20.575047,23.639172,nan,34.391781
765,20.646996,23.704115,nan,34.391781
766,20.718138,23.769058,nan,34.391781
767,20.788607,23.834000,nan,34.391781
768,20.858385,23.898943,nan,34.391781
769,20.927462,23.963886,nan,34.391781
770,20.995802,24.028828,nan,34.391781
771,21.063204,24.093771,nan,34.391781
772,21.129864,24.158714,nan,34.391781
773,21.195780,24.223658,nan,34.391781
774,21.260954,24.288599,nan,34.391781
775,21.325380,24.353542,nan,34.391781
776,21.388838,24.418486,nan,34.391781
777,21.451546,24.483429,nan,34.391781
778,21.513527,24.548370,nan,34.391781
779,21.574789,24.613314,nan,34.391781
780,21.635336,24.678257,nan,34.391781
781,21.694990,24.743198,nan,34.391781
782,21.753939,24.808142,nan,34.391781
783,21.812223,24.873085,nan,34.391781
784,21.869865,24.938028,nan,34.391781
785,21.926876,25.002970,nan,34.391781
786,21.983139,25.067913,nan,34.391781
787,22.038778,25.132856,nan,34.391781
788,22.093861,25.197798,nan,34.391781
789,22.148413,25.262741,nan,34.391781
790,22.202446,25.327684,nan,34.391781
791,22.255898,25.392628,nan,34.391781
792,22.308842,25.457569,nan,34.391781
793,22.361351,25.522512,nan,34.391781
794,22.413448,25.587456,nan,34.391781
795,22.465149,25.652399,nan,34.391781
796,22.516428,25.717340,nan,34.391781
797,22.567305,25.782284,nan,34.391781
798,22.617861,25.847227,nan,34.391781
799,22.668119,25.912169,nan,34.391781
800,22.718086,25.977112,nan,34.391781
801,22.767750,26.042055,nan,34.391781
802,22.817114,26.106998,nan,34.391781
803,22.866240,26.171940,nan,34.391781
804,22.915146,26.236883,nan,34.391781
805,22.963837,26.301826,nan,34.391781
806,23.012306,26.366768,nan,34.391781
807,23.060537,26.431711,nan,34.391781
808,23.108585,26.496655,nan,34.391781
809,23.156464,26.561598,nan,34.391781
810,23.204174,26.626539,nan,34.391781
811,23.251715,26.691483,nan,34.391781
812,23.299068,26.756426,nan,34.391781
813,23.346272,26.821367,nan,34.391781
814,23.393345,26.886311,nan,34.391781
815,23.440294,26.951254,nan,34.391781
816,23.487123,27.016197,nan,34.391781
817,23.533813,27.081139,nan,34.391781
818,23.580414,27.146082,nan,34.391781
819,23.626932,27.211025,nan,34.391781
820,23.673376,27.275969,nan,34.391781
821,23.719765,27.340910,nan,34.391781
822,23.766109,27.405853,nan,34.391781
823,23.812437,27.470797,nan,34.391781
824,23.858767,27.535738,nan,34.391781
825,23.905123,27.600681,nan,34.391781
826,23.951519,27.665625,nan,34.391781
827,23.998009,27.730568,nan,34.391781
828,24.044609,27.795509,nan,34.391781
829,24.091351,27.860453,nan,34.391781
830,24.138258,27.925396,nan,34.391781
831,24.185358,27.990337,nan,34.391781
832,24.232742,28.055281,nan,34.391781
833,24.280439,28.120224,nan,34.391781
834,24.328459,28.185167,nan,34.391781
835,24.376839,28.250109,nan,34.391781
836,24.425608,28.315052,nan,34.391781
837,24.474884,28.379995,nan,34.391781
838,24.524734,28.444937,nan,34.391781
839,24.575123,28.509880,nan,34.391781
840,24.626095,28.574823,nan,34.391781
841,24.677687,28.639767,nan,34.391781
842,24.730028,28.704708,nan,34.391781
843,24.783237,28.769651,nan,34.391781
844,24.837221,28.834595,nan,34.391781
845,24.892017,28.899538,nan,34.391781
846,24.947666,28.964479,nan,34.391781
847,25.004290,29.029423,nan,34.391781
848,25.062090,29.094366,nan,34.391781
849,25.120890,29.159307,nan,34.391781
850,25.180723,29.224251,nan,34.391781
851,25.241629,29.289194,nan,34.391781
852,25.303688,29.354137,nan,34.391781
853,25.367218,29.419079,nan,34.391781
854,25.431942,29.484022,nan,34.391781
855,25.497890,29.548965,nan,34.391781
856,25.565088,29.613907,nan,34.391781
857,25.633570,29.678850,nan,34.391781
858,25.703770,29.743793,nan,34.391781
859,25.775311,29.808737,nan,34.391781
860,25.848215,29.873678,nan,34.391781
861,25.922493,29.938622,nan,34.391781
862,25.998158,30.003565,nan,34.391781
863,26.075640,30.068506,nan,34.391781
864,26.154593,30.133450,nan,34.391781
865,26.234978,30.198393,nan,34.391781
866,26.316799,30.263336,nan,34.391781
867,26.400053,30.328278,nan,34.391781
868,26.485111,30.393221,nan,34.391781
869,26.571707,30.458164,nan,34.391781
870,26.659733,30.523108,nan,34.391781
871,26.749172,30.588049,nan,34.391781
872,26.840021,30.652992,nan,34.391781
873,26.932549,30.717936,nan,34.391781
874,27.026592,30.782877,nan,34.391781
875,27.121969,30.847820,nan,34.391781
876,27.218653,30.912764,nan,34.391781
877,27.316616,30.977707,nan,34.391781
878,27.416033,31.042648,nan,34.391781
879,27.516808,31.107592,nan,34.391781
880,27.618729,31.172535,nan,34.391781
881,27.721741,31.237476,nan,34.391781
882,27.825802,31.302420,nan,34.391781
883,27.930984,31.367363,nan,34.391781
884,28.037245,31.432306,nan,34.391781
885,28.144352,31.497248,nan,34.391781
886,28.252232,31.562191,nan,34.391781
887,28.360828,31.627134,nan,34.391781
888,28.470127,31.692076,nan,34.391781
889,28.580095,31.757019,nan,34.391781
890,28.690521,31.821962,nan,34.391781
891,28.801321,31.886906,nan,34.391781
892,28.912426,31.951847,nan,34.391781
893,29.023773,32.016792,nan,34.391781
894,29.135275,32.081734,nan,34.391781
895,29.246796,32.146675,nan,34.391781
896,29.358250,32.211620,nan,34.391781
897,29.469574,32.276562,nan,34.391781
898,29.580692,32.341503,nan,34.391781
899,29.691399,32.406448,nan,34.391781
900,29.801697,32.471390,nan,34.391781
901,29.911501,32.536331,nan,34.391781
902,30.020761,32.601276,nan,34.391781
903,30.129417,32.666218,nan,34.391781
904,30.237165,32.731163,nan,34.391781
905,30.344107,32.796104,nan,34.391781
906,30.450220,32.861046,nan,34.391781
907,30.555445,32.925991,nan,34.391781
908,30.659742,32.990932,nan,34.391781
909,30.762791,33.055874,nan,34.391781
910,30.864729,33.120819,nan,34.391781
911,30.965588,33.185760,nan,34.391781
912,31.065336,33.250702,nan,34.391781
913,31.163948,33.315647,nan,34.391781
914,31.261147,33.380589,nan,34.391781
915,31.357025,33.445530,nan,34.391781
916,31.451698,33.510475,nan,34.391781
917,31.545151,33.575417,nan,34.391781
918,31.637381,33.640362,nan,34.391781
919,31.728167,33.705303,nan,34.391781
920,31.817539,33.770245,nan,34.391781
921,31.905689,33.835190,nan,34.391781
922,31.992609,33.900131,nan,34.391781
923,32.078320,33.965073,nan,34.391781
924,32.162659,34.030018,nan,34.391781
925,32.245583,34.094959,nan,34.391781
926,32.327332,34.159901,nan,34.515213
927,32.407917,34.224846,nan,34.699932
928,32.487358,34.289787,nan,34.869526
929,32.565556,34.354733,nan,34.903114
930,32.642403,34.419674,nan,34.903114
931,32.718174,34.484615,nan,34.903114
932,32.792881,34.549561,nan,34.903114
933,32.866550,34.614502,nan,34.903114
934,32.939133,34.679443,nan,34.903114
935,33.010452,34.744389,nan,34.903114
936,33.080807,34.809330,nan,34.903114
937,33.150211,34.874271,nan,34.903114
938,33.218689,34.939217,nan,34.903114
939,33.286236,35.004158,nan,34.903114
940,33.352638,35.069099,nan,34.903114
941,33.418182,35.134045,nan,34.903114
942,33.482883,35.198986,nan,34.903114
943,33.546768,35.263931,nan,34.903114
944,33.609863,35.328873,nan,34.903114
945,33.671959,35.393814,nan,34.903114
946,33.733315,35.458759,nan,34.903114
947,33.793968,35.523701,nan,34.903114
948,33.853928,35.588642,nan,34.903114
949,33.913216,35.653587,nan,34.903114
950,33.971703,35.718529,nan,34.903114
951,34.029556,35.783470,nan,34.903114
952,34.086823,35.848415,nan,34.903114
953,34.143536,35.913357,nan,34.903114
954,34.199715,35.978302,nan,34.903114
955,34.255283,36.043243,nan,34.903114
956,34.310341,36.108185,nan,34.903114
957,34.364964,36.173130,nan,34.903114
958,34.419170,36.238071,nan,34.903114
959,34.472984,36.303013,nan,34.903114
960,34.526382,36.367958,nan,34.903114
961,34.579407,36.432899,nan,34.903114
962,34.632141,36.497841,nan,34.903114
963,34.684612,36.562786,nan,34.903114
964,34.736843,36.627728,nan,34.903114
965,34.788811,36.692669,nan,34.903114
966,34.840576,36.757614,nan,34.903114
967,34.892193,36.822556,nan,34.903114
968,34.943684,36.887501,nan,34.903114
969,34.995079,36.952442,nan,34.903114
970,35.046402,37.017384,nan,34.903114
971,35.097683,37.082329,nan,34.903114
972,35.148964,37.147270,nan,34.903114
973,35.200268,37.212212,nan,34.903114
974,35.251629,37.277157,nan,34.903114
975,35.303074,37.342098,nan,34.903114
976,35.354664,37.407040,nan,34.903114
977,35.406414,37.471985,nan,34.903114
978,35.458347,37.536926,nan,34.903114
979,35.510494,37.601871,nan,34.903114
980,35.562889,37.666813,nan,34.903114
981,35.615646,37.731754,nan,34.903114
982,35.668739,37.796700,nan,34.903114
983,35.722183,37.861641,nan,34.903114
984,35.776024,37.926582,nan,34.903114
985,35.830296,37.991528,nan,34.903114
986,35.885178,38.056469,nan,34.903114
987,35.940594,38.121410,nan,34.903114
988,35.996567,38.186356,nan,34.903114
989,36.053131,38.251297,nan,34.903114
990,36.110329,38.316238,nan,34.903114
991,36.168358,38.381184,nan,34.903114
992,36.227142,38.446125,nan,34.903114
993,36.286678,38.511070,nan,34.903114
994,36.346996,38.576012,nan,34.903114
995,36.408134,38.640953,nan,34.903114
996,36.470299,38.705898,nan,34.903114
997,36.533432,38.770840,nan,34.903114
998,36.597469,38.835781,nan,34.903114
999,36.662422,38.900726,nan,34.903114
1000,36.728321,38.965668,nan,34.903114
1001,36.795330,39.030609,nan,34.903114
1002,36.863407,39.095554,nan,34.903114
1003,36.932430,39.160496,nan,34.903114
1004,37.002377,39.225441,nan,34.903114
1005,37.073223,39.225441,nan,34.903114
1006,37.145092,39.160603,nan,34.903114
1007,37.217922,39.095768,nan,34.903114
1008,37.291534,39.030933,nan,34.903114
1009,37.365860,38.966099,nan,34.903114
1010,37.440842,38.901260,nan,34.903114
1011,37.516487,38.836426,nan,34.903114
1012,37.592686,38.771591,nan,34.903114
1013,37.669235,38.706757,nan,34.903114
1014,37.746025,38.641922,nan,34.903114
1015,37.822948,38.577084,nan,34.903114
1016,37.899899,38.512249,nan,34.903114
1017,37.976612,38.447414,nan,34.903114
1018,38.052959,38.382580,nan,34.903114
1019,38.128799,38.317741,nan,34.903114
1020,38.203972,38.252907,nan,34.903114
1021,38.278301,38.188072,nan,34.903114
1022,38.351223,38.123238,nan,34.903114
1023,38.422829,38.058403,nan,34.903114
1024,38.492939,37.993565,nan,34.903114
1025,38.561359,37.928730,nan,34.903114
1026,38.627914,37.863895,nan,34.903114
1027,38.691662,37.799061,nan,34.903114
1028,38.752964,37.734222,nan,34.903114
1029,38.811653,37.669388,nan,35.247074
1030,38.867535,37.604553,nan,35.832222
1031,38.920433,37.539719,nan,36.349350
1032,38.969212,37.474884,nan,36.798420
1033,39.014305,37.410046,nan,37.185276
1034,39.055710,37.345211,nan,37.517570
1035,39.093262,37.280376,nan,37.802052
1036,39.126801,37.215542,nan,38.044205
1037,39.155140,37.150703,nan,38.248104
1038,39.178661,37.085869,nan,38.416500
1039,39.197609,37.021034,nan,38.551411
1040,39.211872,36.956200,nan,38.653450
1041,39.221329,36.891365,nan,38.722252
1042,39.224918,36.826527,37.823681,38.756977
1043,39.222813,36.761692,37.710403,nan
1044,39.215584,36.696857,37.505783,nan
1045,39.203175,36.632023,37.246685,nan
1046,39.185543,36.567184,36.973236,nan
1047,39.161846,36.502350,36.716450,nan
1048,39.131992,36.437515,36.489498,nan
1049,39.096870,36.372681,36.286148,nan
1050,39.056496,36.307846,36.086285,nan
1051,39.010895,36.243008,35.865456,nan
1052,38.959538,36.178173,35.604633,nan
1053,38.902035,36.113338,35.296349,nan
1054,38.839542,36.048504,34.946316,nan
1055,38.772144,35.983665,34.570545,nan
1056,38.699936,35.918831,34.189674,nan
1057,38.622688,35.853996,33.822353,nan
1058,38.539803,35.789162,33.480537,nan
1059,38.452576,35.724327,33.168457,nan
1060,38.361134,35.659489,32.885151,nan
1061,38.265633,35.594654,32.627708,nan
1062,38.166092,35.529819,32.392944,nan
1063,38.061821,35.464985,32.176960,nan
1064,37.954121,35.400146,31.973639,nan
1065,37.843147,35.335312,31.775187,nan
1066,37.729057,35.270477,31.575356,nan
1067,37.612053,35.205643,31.373928,nan
1068,37.491520,35.140808,31.179588,nan
1069,37.368572,35.075970,31.008518,nan
1070,37.243385,35.011135,30.878407,nan
1071,37.116112,34.946301,30.811956,nan
1072,36.986961,34.881466,30.811956,nan
1073,36.855698,34.816631,30.811956,nan
1074,36.722958,34.751793,30.811956,nan
1075,36.588997,34.686958,30.811956,nan
1076,36.453941,34.622124,30.811956,nan
1077,36.317986,34.557289,30.809807,nan
1078,36.181149,34.492451,30.732349,nan
1079,36.043758,34.427616,30.610079,nan
1080,35.906044,34.362782,30.444086,nan
1081,35.768101,34.297947,30.240891,nan
1082,35.630104,34.233112,30.014832,nan
1083,35.492218,34.168274,29.787817,nan
1084,35.354622,34.103439,29.584961,nan
1085,35.217445,34.038605,29.426580,nan
1086,35.080780,33.973770,29.319914,nan
1087,34.944717,33.908932,29.254904,nan
1088,34.809532,33.844097,29.206842,nan
1089,34.675373,33.779263,29.144360,nan
1090,34.542225,33.714428,29.039902,nan
1091,34.410168,33.649593,28.878048,nan
1092,34.279263,33.584755,28.659271,nan
1093,34.149792,33.519920,28.397192,nan
1094,34.021954,33.455086,28.111650,nan
1095,33.895592,33.390251,27.819445,nan
1096,33.770756,33.325413,27.527580,nan
1097,33.647480,33.260578,27.231834,nan
1098,33.526012,33.195744,26.921783,nan
1099,33.406689,33.130909,26.588640,nan
1100,33.289173,33.066074,26.230787,nan
1101,33.173515,33.001236,25.853395,nan
1102,33.059727,32.936401,25.463461,nan
1103,32.947968,32.871567,25.065676,nan
1104,32.838757,32.806732,24.660938,nan
1105,32.731564,32.741894,24.248840,nan
1106,32.626431,32.677059,23.827116,nan
1107,32.523365,32.612225,23.385435,nan
1108,32.422394,32.547390,22.893497,nan
1109,32.324219,32.482555,22.290766,nan
1110,32.228153,32.417717,21.487768,nan
1111,32.134220,32.352882,20.385929,nan
1112,32.042404,32.288048,18.913610,nan
1113,31.952709,32.223213,17.064434,nan
1114,31.865725,32.158375,14.918426,nan
1115,31.780897,32.093540,12.632342,nan
1116,31.698139,32.028706,10.400210,nan
1117,31.617411,31.963871,8.401383,nan
1118,31.538698,31.899035,6.757863,nan
1119,31.462442,31.834200,6.626574,nan
1120,31.388248,31.769363,6.626574,nan
1121,31.315918,31.704529,6.626574,nan
1122,31.245413,31.639692,6.626574,nan
1123,31.176687,31.574858,6.626574,nan
1124,31.110033,31.510023,6.626574,nan
1125,31.045202,31.445187,6.626574,nan
1126,30.981928,31.380352,6.626574,nan
1127,30.920156,31.315516,6.626574,nan
1128,30.859827,31.250681,6.626574,nan
1129,30.801083,31.185844,6.626574,nan
1130,30.743793,31.121010,6.626574,nan
1131,30.687670,31.056173,6.626574,nan
1132,30.632648,30.991339,6.626574,nan
1133,30.578655,30.926504,6.626574,nan
1134,30.525711,30.861668,6.626574,nan
1135,30.473757,30.796833,6.626574,nan
1136,30.422523,30.731997,6.626574,nan
1137,30.371935,30.667162,6.626574,nan
1138,30.321920,30.602325,6.626574,nan
1139,30.272421,30.537491,6.626574,nan
1140,30.223375,30.472654,6.626574,nan
1141,30.174582,30.407820,6.626574,nan
1142,30.125967,30.342985,6.626574,nan
1143,30.077456,30.278149,6.626574,nan
1144,30.028954,30.213314,6.626574,nan
1145,29.980326,30.148478,6.626574,nan
1146,29.931486,30.083643,6.626574,nan
1147,29.882357,30.018806,6.626574,nan
1148,29.832878,29.953972,6.626574,nan
1149,29.782959,29.889135,6.626574,nan
1150,29.732344,29.824301,6.626574,nan
1151,29.681093,29.759466,6.626574,nan
1152,29.629137,29.694630,6.626574,nan
1153,29.576431,29.629795,6.626574,nan
1154,29.522907,29.564959,6.626574,nan
1155,29.468222,29.500124,6.626574,nan
1156,29.412529,29.435287,6.626574,nan
1157,29.355795,29.370453,6.626574,nan
1158,29.297989,29.305618,6.626574,nan
1159,29.239058,29.240782,6.626574,nan
1160,29.178654,29.175947,6.626574,nan
1161,29.116932,29.111111,6.626574,nan
1162,29.053932,29.046276,6.626574,nan
1163,28.989649,28.981440,6.626574,nan
1164,28.924047,28.916605,6.626574,nan
1165,28.856806,28.851768,6.626574,nan
1166,28.788048,28.786934,6.626574,nan
1167,28.717909,28.722099,6.626574,nan
1168,28.646370,28.657263,6.626574,nan
1169,28.573442,28.592428,6.626574,nan
1170,28.498871,28.527592,6.626574,nan
1171,28.422709,28.462757,6.626574,nan
1172,28.345167,28.397921,6.626574,nan
1173,28.266245,28.333086,6.626574,nan
1174,28.185980,28.268250,6.626574,nan
1175,28.104204,28.203415,6.626574,nan
1176,28.020891,28.138580,6.626574,nan
1177,27.936314,28.073744,6.626574,nan
1178,27.850487,28.008909,6.626574,nan
1179,27.763470,27.944073,6.626574,nan
1180,27.675182,27.879238,6.626574,nan
1181,27.585529,27.814402,6.626574,nan
1182,27.494823,27.749567,6.626574,nan
1183,27.403093,27.684731,6.626574,nan
1184,27.310408,27.619896,6.626574,nan
1185,27.216757,27.555061,6.626574,nan
1186,27.122028,27.490225,6.626574,nan
1187,27.026537,27.425390,6.626574,nan
1188,26.930323,27.360554,6.626574,nan
1189,26.833447,27.295719,6.626574,nan
1190,26.735968,27.230883,6.626574,nan
1191,26.637804,27.166048,6.626574,nan
1192,26.539219,27.101212,6.626574,nan
1193,26.440262,27.036377,6.626574,nan
1194,26.341000,26.971542,6.626574,nan
1195,26.241505,26.906706,6.626574,nan
1196,26.141813,26.841871,6.626574,nan
1197,26.042076,26.777035,6.626574,nan
1198,25.942345,26.712200,6.626574,nan
1199,25.842691,26.647364,6.626574,nan
1200,25.743193,26.582529,6.626574,nan
1201,25.643990,26.517694,6.626574,nan
1202,25.545122,26.452858,6.626574,nan
1203,25.446657,26.388023,6.626574,nan
1204,25.348652,26.323187,6.626574,nan
1205,25.251173,26.258352,6.626574,nan
1206,25.154423,26.193516,6.626574,nan
1207,25.058426,26.128681,6.626574,nan
1208,24.963179,26.063845,6.626574,nan
1209,24.868734,25.999010,6.626574,nan
1210,24.775152,25.934175,6.626574,nan
1211,24.682648,25.869339,6.626574,nan
1212,24.591259,25.804504,6.626574,nan
1213,24.500904,25.739668,6.626574,nan
1214,24.411629,25.674833,6.626574,nan
1215,24.323454,25.609997,6.626574,nan
1216,24.236595,25.545162,6.626574,nan
1217,24.151127,25.480326,6.626574,nan
1218,24.066874,25.415491,6.626574,nan
1219,23.983858,25.350657,6.626574,nan
1220,23.902084,25.285820,6.626574,nan
1221,23.821705,25.220985,6.626574,nan
1222,23.742870,25.156149,6.626574,nan
1223,23.665302,25.091314,6.626574,nan
1224,23.588997,25.026478,6.626574,nan
1225,23.513931,24.961643,6.626574,nan
1226,23.440176,24.896807,6.626574,nan
1227,23.367939,24.831972,6.626574,nan
1228,23.296858,24.767138,6.626574,nan
1229,23.226921,24.702301,6.626574,nan
1230,23.158072,24.637466,6.626574,nan
1231,23.090303,24.572630,6.626574,nan
1232,23.023808,24.507795,6.626574,nan
1233,22.958210,24.442959,6.626574,nan
1234,22.893467,24.378124,6.626574,nan
1235,22.829504,24.313290,6.626574,nan
1236,22.766256,24.248453,6.626574,nan
1237,22.703814,24.183619,6.626574,nan
1238,22.641874,24.118782,6.626574,nan
1239,22.580364,24.053947,6.626574,nan
1240,22.519188,23.989111,6.626574,nan
1241,22.458258,23.924276,6.626574,nan
1242,22.397490,23.859440,6.626574,nan
1243,22.336700,23.794605,6.626574,nan
1244,22.275808,23.729771,6.626574,nan
1245,22.214708,23.664934,6.626574,nan
1246,22.153299,23.600100,6.626574,nan
1247,22.091370,23.535263,6.626574,nan
1248,22.028816,23.470428,6.626574,nan
1249,21.965576,23.405592,6.626574,nan
1250,21.901566,23.340757,6.626574,nan
1251,21.836676,23.275921,6.626574,nan
1252,21.770628,23.211086,6.626574,nan
1253,21.703329,23.146252,6.626574,nan
1254,21.634802,23.081415,6.626574,nan
1255,21.564991,23.016581,6.626574,nan
1256,21.493811,22.951744,6.626574,nan
1257,21.420979,22.886909,6.626574,nan
1258,21.346331,22.822073,6.626574,nan
1259,21.270056,22.757238,6.626574,nan
1260,21.192123,22.692402,6.626574,nan
1261,21.112478,22.627567,6.626574,nan
1262,21.030880,22.562733,6.626574,nan
1263,20.947094,22.497896,6.626574,nan
1264,20.861460,22.433062,6.626574,nan
1265,20.773987,22.368225,6.626574,nan
1266,20.684652,22.303391,6.626574,nan
1267,20.593323,22.238554,6.626574,nan
1268,20.499670,22.173719,6.626574,nan
1269,20.404171,22.108885,6.626574,nan
1270,20.306854,22.044048,6.626574,nan
1271,20.207756,21.979214,6.626574,nan
1272,20.106840,21.914377,6.626574,nan
1273,20.003731,21.849543,6.626574,nan
1274,19.898975,21.784706,6.626574,nan
1275,19.792631,21.719872,6.626574,nan
1276,19.684765,21.655035,6.626574,nan
1277,19.575417,21.590200,6.626574,nan
1278,19.464264,21.525366,6.626574,nan
1279,19.351805,21.460529,6.626574,nan
1280,19.238131,21.395695,6.626574,nan
1281,19.123318,21.330858,6.626574,nan
1282,19.007433,21.266024,6.626574,nan
1283,18.890312,21.201187,6.626574,nan
1284,18.772289,21.136353,6.626574,nan
1285,18.653488,21.071516,6.626574,nan
1286,18.533991,21.006681,6.626574,nan
1287,18.413860,20.941847,6.626574,nan
1288,18.293072,20.877010,6.626574,nan
1289,18.171822,20.812176,6.626574,nan
1290,18.050230,20.747339,6.626574,nan
1291,17.928375,20.682505,6.626574,nan
1292,17.806316,20.617668,6.626574,nan
1293,17.684109,20.552834,6.626574,nan
1294,17.561874,20.487997,6.626574,nan
1295,17.439699,20.423162,6.626574,nan
1296,17.317629,20.358328,6.626574,nan
1297,17.195736,20.293491,6.626574,nan
1298,17.074100,20.228657,6.626574,nan
1299,16.952839,20.163820,6.626574,nan
1300,16.831970,20.098986,6.626574,nan
1301,16.711525,20.034149,6.626574,nan
1302,16.591574,19.969315,6.626574,nan
1303,16.472212,19.904480,6.626574,nan
1304,16.353592,19.839643,6.626574,nan
1305,16.235649,19.774809,6.626574,nan
1306,16.118414,19.709972,6.626574,nan
1307,16.001951,19.645138,6.626574,nan
1308,15.886355,19.580301,6.626574,nan
1309,15.771822,19.515467,6.626574,nan
1310,15.658232,19.450630,6.626574,nan
1311,15.545595,19.385796,6.626574,nan
1312,15.433969,19.320961,6.626574,nan
1313,15.323424,19.256124,6.626574,nan
1314,15.214278,19.191290,6.626574,nan
1315,15.106296,19.126453,6.626574,nan
1316,14.999504,19.061619,6.626574,nan
1317,14.893929,18.996782,6.626574,nan
1318,14.789610,18.931948,6.626574,nan
1319,14.686969,18.867111,6.626574,nan
1320,14.585678,18.802277,6.626574,nan
1321,14.485735,18.737442,6.626574,nan
1322,14.387151,18.672606,6.626574,nan
1323,14.289957,18.607771,6.626574,nan
1324,14.194536,18.542934,6.626574,nan
1325,14.100604,18.478100,6.626574,nan
1326,14.008085,18.413263,6.626574,nan
1327,13.916966,18.348429,6.626574,nan
1328,13.827256,18.283592,6.626574,nan
1329,13.739263,18.218758,6.626574,nan
1330,13.652725,18.153923,6.626574,nan
1331,13.567531,18.089087,6.626574,nan
1332,13.483628,18.024252,6.626574,nan
1333,13.400998,17.959415,6.626574,nan
1334,13.319814,17.894581,6.626574,nan
1335,13.239894,17.829744,6.626574,nan
1336,13.161054,17.764910,6.626574,nan
1337,13.083215,17.700073,6.626574,nan
1338,13.006322,17.635239,6.626574,nan
1339,12.930417,17.570404,6.626574,nan
1340,12.855355,17.505568,6.626574,nan
1341,12.780940,17.440733,6.626574,nan
1342,12.707066,17.375896,6.626574,nan
1343,12.633635,17.311062,6.626574,nan
1344,12.560586,17.246225,6.626574,nan
1345,12.487755,17.181391,6.626574,nan
1346,12.414992,17.116556,6.626574,nan
1347,12.342180,17.051720,6.626574,nan
1348,12.269207,16.986885,6.626574,nan
1349,12.195950,16.922049,6.626574,nan
1350,12.122152,16.857214,6.626574,nan
1351,12.047782,16.792377,6.626574,nan
1352,11.972747,16.727543,6.626574,nan
1353,11.896933,16.662706,6.626574,nan
1354,11.820205,16.597872,6.626574,nan
1355,11.742173,16.533037,6.626574,nan
1356,11.662998,16.468201,6.626574,nan
1357,11.582605,16.403366,6.626574,nan
1358,11.500908,16.338530,6.626574,nan
1359,11.417846,16.273695,6.626574,nan
1360,11.332850,16.208858,6.626574,nan
1361,11.246319,16.144024,6.626574,nan
1362,11.158218,16.079187,6.626574,nan
1363,11.068508,16.014353,6.626574,nan
1364,10.977152,15.949517,6.626574,nan
1365,10.883668,15.884682,6.626574,nan
1366,10.788458,15.819846,6.626574,nan
1367,10.691604,15.755012,6.626574,nan
1368,10.593114,15.690176,6.626574,nan
1369,10.493002,15.625340,6.626574,nan
1370,10.390945,15.560505,6.626574,nan
1371,10.287275,15.495669,6.626574,nan
1372,10.182180,15.430834,6.626574,nan
1373,10.075717,15.365998,6.626574,nan
1374,9.967946,15.301163,6.626574,nan
1375,9.858732,15.236327,6.626574,nan
1376,9.748334,15.171493,6.626574,nan
1377,9.636959,15.106657,6.626574,nan
1378,9.524719,15.041821,6.626574,nan
1379,9.411696,14.976986,6.626574,nan
1380,9.297918,14.912150,6.626574,nan
1381,9.183573,14.847315,6.626574,nan
1382,9.068851,14.782479,6.626574,nan
1383,8.953872,14.717644,6.626574,nan
1384,8.838715,14.652809,6.626574,nan
1385,8.723502,14.587974,6.626574,nan
1386,8.608410,14.523138,6.626574,nan
1387,8.493521,14.458302,6.626574,nan
1388,8.378939,14.393467,6.626574,nan
1389,8.264739,14.328631,6.626574,nan
1390,8.151034,14.263796,6.626574,nan
1391,8.038059,14.198960,6.626574,nan
1392,7.925742,14.134125,6.626574,nan
1393,7.814155,14.069290,6.626574,nan
1394,7.703340,14.004455,6.626574,nan
1395,7.593371,13.939619,6.626574,nan
1396,7.484540,13.874784,6.626574,nan
1397,7.376634,13.809948,6.626574,nan
1398,7.269666,13.745112,6.626574,nan
1399,7.163674,13.680277,6.626574,nan
1400,7.058661,13.615441,6.626574,nan
1401,6.954973,13.550606,6.626574,nan
1402,6.852286,13.485771,6.626574,nan
1403,6.750592,13.420936,6.626574,nan
1404,6.649900,13.356100,6.626574,nan
1405,6.550182,13.291265,6.626574,nan
1406,6.451736,13.226429,6.626574,nan
1407,6.354272,13.161593,6.626574,nan
1408,6.257737,13.096758,6.626574,nan
1409,6.162127,13.031922,6.626574,nan
1410,6.067418,12.967088,6.626574,nan
1411,5.973791,12.902252,6.626574,nan
1412,5.881080,12.837417,6.626574,nan
1413,5.789184,12.772581,6.626574,nan
1414,5.698095,12.707746,6.626574,nan
1415,5.607787,12.642910,6.626574,nan
1416,5.518380,12.578074,6.626574,nan
1417,5.429794,12.513239,6.626574,nan
1418,5.341909,12.448403,6.626574,nan
1419,5.254721,12.383569,6.626574,nan
1420,5.168206,12.318733,6.626574,nan
1421,5.082444,12.253898,6.626574,nan
1422,4.997426,12.189062,6.626574,nan
1423,4.913025,12.124227,6.626574,nan
1424,4.829224,12.059391,6.626574,nan
1425,4.746022,11.994555,6.626574,nan
1426,4.663465,11.929720,6.626574,nan
1427,4.581594,11.864885,6.626574,nan
1428,4.500281,11.800050,6.626574,nan
1429,4.419511,11.735214,6.626574,nan
1430,4.339290,11.670379,6.626574,nan
1431,4.259650,11.605543,6.626574,nan
1432,4.180661,11.540708,6.626574,nan
1433,4.102205,11.475872,6.626574,nan
1434,4.024268,11.411036,6.626574,nan
1435,3.946862,11.346201,6.626574,nan
1436,3.870003,11.281366,6.626574,nan
1437,3.793816,11.216531,6.626574,nan
1438,3.718165,11.151695,6.626574,nan
1439,3.643045,11.086860,6.626574,nan
1440,3.568475,11.022024,6.626574,nan
1441,3.494456,10.957189,6.626574,nan
1442,3.421174,10.892353,6.626574,nan
1443,3.348476,10.827518,6.626574,nan
1444,3.276371,10.762683,6.626574,nan
1445,3.204865,10.697847,6.626574,nan
1446,3.133979,10.633012,6.626574,nan
1447,3.063920,10.568176,6.626574,nan
1448,2.994562,10.503341,6.626574,nan
1449,2.925895,10.438505,6.626574,nan
1450,2.857931,10.373670,6.626574,nan
1451,2.790701,10.308834,6.626574,nan
1452,2.724425,10.243999,6.626574,nan
1453,2.659005,10.179164,6.626574,nan
1454,2.594403,10.114328,6.626574,nan
1455,2.530639,10.049493,6.626574,nan
1456,2.467745,9.984657,6.626574,nan
1457,2.405956,9.919822,6.626574,nan
1458,2.345203,9.854986,6.626574,nan
1459,2.285429,9.790151,6.626574,nan
1460,2.226652,9.725315,6.626574,nan
1461,2.168900,9.660480,6.626574,nan
1462,2.112399,9.595645,6.626574,nan
1463,2.057139,9.530809,6.626574,nan
1464,2.003002,9.465974,6.626574,nan
1465,1.950005,9.401138,6.626574,nan
1466,1.898174,9.336303,6.626574,nan
1467,1.847690,9.271467,6.626574,nan
1468,1.798648,9.206632,6.626574,nan
1469,1.750859,9.141796,6.626574,nan
1470,1.704331,9.076962,6.626574,nan
1471,1.659072,9.012126,6.626574,nan
1472,1.615244,8.947290,6.626574,nan
1473,1.573013,8.882455,6.626574,nan
1474,1.532107,8.817619,6.626574,nan
1475,1.492530,8.752784,6.626574,nan
1476,1.454280,8.687948,6.626574,nan
1477,1.417453,8.623113,6.626574,nan
1478,1.382313,8.558278,6.626574,nan
1479,1.348501,8.493443,6.626574,nan
1480,1.316016,8.428607,6.626574,nan
1481,1.284840,8.363771,6.626574,nan
1482,1.254995,8.298936,6.626574,nan
1483,1.226807,8.234100,6.626574,nan
1484,1.199863,8.169265,6.626574,nan
1485,1.174143,8.104429,6.626574,nan
1486,1.149612,8.039594,6.626574,nan
1487,1.126249,7.974759,6.626574,nan
1488,1.104332,7.909923,6.626574,nan
1489,1.083488,7.845088,6.626574,nan
1490,1.063654,7.780252,6.626574,nan
1491,1.044782,7.715417,6.626574,nan
1492,1.026821,7.650581,6.626574,nan
1493,1.009928,7.585746,6.626574,nan
1494,0.993834,7.520911,6.626574,nan
1495,0.978436,7.456075,6.626574,nan
1496,0.963670,7.391240,6.626574,nan
1497,0.949473,7.326405,6.626574,nan
1498,0.935877,7.261569,6.626574,nan
1499,0.922703,7.196733,6.626574,nan
1500,0.909844,7.131898,6.626574,nan
1501,0.897232,7.067062,6.626574,nan
1502,0.884799,7.002227,6.626574,nan
1503,0.872483,6.937392,6.626574,nan
1504,0.860172,6.872556,6.626574,nan
1505,0.847790,6.807721,6.626574,nan
1506,0.835284,6.742886,6.626574,nan
1507,0.822593,6.678050,6.626574,nan
1508,0.809619,6.613214,6.626574,nan
1509,0.796270,6.548379,6.626574,nan
1510,0.782547,6.483544,6.626574,nan
1511,0.768415,6.418708,6.626574,nan
1512,0.753837,6.353873,6.626574,nan
1513,0.738730,6.289037,6.626574,nan
1514,0.723002,6.224202,6.626574,nan
1515,0.706742,6.159367,6.626574,nan
1516,0.689943,6.094531,6.626574,nan
1517,0.672599,6.029696,6.626574,nan
1518,0.654678,5.964860,6.626574,nan
1519,0.636091,5.900025,6.626574,nan
1520,0.616992,5.835189,6.626574,nan
1521,0.597405,5.770354,6.626574,nan
1522,0.577353,5.705518,6.626574,nan
1523,0.556857,5.640683,6.626574,nan
1524,0.535867,5.575848,6.626574,nan
1525,0.514551,5.511012,6.626574,nan
1526,0.492952,5.446177,6.626574,nan
1527,0.471117,5.381341,6.626574,nan
1528,0.449094,5.316506,6.626574,nan
1529,0.426922,5.251670,6.626574,nan
1530,0.404712,5.186835,6.626574,nan
1531,0.382515,5.121999,6.626574,nan
1532,0.360387,5.057164,6.626574,nan
1533,0.338379,4.992329,6.626574,nan
1534,0.316617,4.927493,6.626574,nan
1535,0.295141,4.862658,6.626574,nan
1536,0.273981,4.797822,6.626574,nan
1537,0.253183,4.732987,6.626574,nan
1538,0.232796,4.668151,6.626574,nan
1539,0.212976,4.603316,6.626574,nan
1540,0.193724,4.538481,6.626574,nan
1541,0.175023,4.473645,6.626574,nan
1542,0.156906,4.408810,6.626574,nan
1543,0.139398,4.343974,6.626574,nan
1544,0.122647,4.279139,6.626574,nan
1545,0.106647,4.214303,6.626574,nan
1546,0.091323,4.149468,6.626574,nan
1547,0.076685,4.084632,6.626574,nan
1548,0.062739,4.019797,6.626574,nan
1549,0.049593,3.954962,6.626574,nan
1550,0.037256,3.890126,6.626574,nan
1551,0.025604,3.825291,6.626574,nan
1552,0.014625,3.760455,6.626574,nan
1553,0.004312,3.695620,6.626574,nan
1554,-0.005278,3.630785,6.626574,nan
1555,-0.014110,3.565949,6.626574,nan
1556,-0.022340,3.501114,6.626574,nan
1557,-0.029987,3.436278,6.626574,nan
1558,-0.037071,3.371443,6.626574,nan
1559,-0.043578,3.306607,6.626574,nan
1560,-0.049453,3.241772,6.626574,nan
1561,-0.054854,3.176936,6.626574,nan
1562,-0.059805,3.112101,6.626574,nan
1563,-0.064328,3.047266,6.626574,nan
1564,-0.068435,2.982430,6.626574,nan
1565,-0.072066,2.917595,6.626574,nan
1566,-0.075359,2.852759,6.626574,nan
1567,-0.078336,2.787924,6.626574,nan
1568,-0.081018,2.723088,6.626574,nan
1569,-0.083427,2.658253,6.626574,nan
1570,-0.085515,2.593417,6.626574,nan
1571,-0.087382,2.528582,6.626574,nan
1572,-0.089050,2.463747,6.626574,nan
1573,-0.090536,2.398911,6.626574,nan
1574,-0.091850,2.334076,6.626574,nan
1575,-0.092974,2.269240,6.626574,nan
1576,-0.093961,2.204405,6.626574,nan
1577,-0.094830,2.139570,6.626574,nan
1578,-0.095593,2.074734,6.626574,nan
1579,-0.096258,2.009898,6.626574,nan
1580,-0.096820,1.945063,6.626574,nan
1581,-0.097304,1.880228,6.626574,nan
1582,-0.097725,1.815392,6.626574,nan
1583,-0.098088,1.750557,6.626574,nan
1584,-0.098402,1.685721,6.626574,nan
1585,-0.098663,1.620886,6.626574,nan
1586,-0.098884,1.556050,6.626574,nan
1587,-0.099074,1.491215,6.626574,nan
1588,-0.099235,1.426380,6.626574,nan
1589,-0.099373,1.361544,6.626574,nan
1590,-0.099486,1.296709,6.626574,nan
1591,-0.099580,1.231873,6.626574,nan
1592,-0.099659,1.167038,6.626574,nan
1593,-0.099726,1.102202,6.626574,nan
1594,-0.099782,1.037367,6.626574,nan
1595,-0.099828,0.972532,6.626574,nan
1596,-0.099865,0.907696,6.626574,nan
1597,-0.099896,0.842861,6.626574,nan
1598,-0.099921,0.778025,6.626574,nan
1599,-0.099943,0.713190,6.626574,nan
1600,-0.099960,0.648354,6.626574,nan
1601,-0.099973,0.583519,6.626574,nan
1602,-0.099985,0.518683,6.626574,nan
1603,-0.099994,0.453848,6.626574,nan
1604,-0.100000,0.389013,6.626574,nan
1605,-0.100000,0.324177,6.626574,nan
1606,-0.100000,0.259342,6.626574,nan
1607,-0.100000,0.194506,6.626574,nan
1608,-0.100000,0.129671,6.626574,nan
1609,-0.100000,0.064835,6.626574,nan
1610,-0.100000,0.000000,6.626574,nan
