frame_number,label_m,pred_m,triangle_m,ml_direction
400,-0.085969,0.035506,0.000000,0
401,-0.086878,0.035506,0.064943,0
402,-0.087765,0.035506,0.129886,0
403,-0.088624,0.035506,0.194828,0
404,-0.089450,0.035506,0.259771,0
405,-0.090244,0.035506,0.324714,0
406,-0.091006,0.035506,0.389657,0
407,-0.091726,0.035506,0.454599,0
408,-0.092411,0.035506,0.519542,0
409,-0.093060,0.035506,0.584485,0
410,-0.093674,0.035506,0.649428,0
411,-0.094253,0.035506,0.714371,0
412,-0.094789,0.035506,0.779313,0
413,-0.095287,0.035506,0.844256,0
414,-0.095751,0.035506,0.909199,0
415,-0.096183,0.035506,0.974142,0
416,-0.096582,0.035507,1.039084,0
417,-0.096946,0.035522,1.104027,0
418,-0.097276,0.035651,1.168970,0
419,-0.097579,0.036395,1.233913,0
420,-0.097856,0.039280,1.298856,0
421,-0.098108,0.047238,1.363798,1
422,-0.098334,0.063944,1.428741,1
423,-0.098535,0.092810,1.493684,1
424,-0.098716,0.136543,1.558627,1
425,-0.098879,0.195363,1.623569,1
426,-0.099026,0.262017,1.688512,1
427,-0.099155,0.320005,1.753455,1
428,-0.099267,0.355391,1.818398,1
429,-0.099367,0.369629,1.883341,0
430,-0.099455,0.373286,1.948283,0
431,-0.099533,0.373879,2.013226,0
432,-0.099601,0.373938,2.078169,0
433,-0.099659,0.373940,2.143112,0
434,-0.099709,0.373940,2.208055,0
435,-0.099753,0.373940,2.272997,0
436,-0.099792,0.373940,2.337940,0
437,-0.099825,0.373940,2.402883,0
438,-0.099852,0.373940,2.467826,0
439,-0.099876,0.373940,2.532768,0
440,-0.099896,0.373940,2.597711,0
441,-0.099913,0.373940,2.662654,0
442,-0.099928,0.373940,2.727597,0
443,-0.099940,0.373940,2.792540,0
444,-0.099951,0.373940,2.857482,0
445,-0.099959,0.373940,2.922425,0
446,-0.099967,0.373940,2.987368,0
447,-0.099973,0.373940,3.052311,0
448,-0.099978,0.373940,3.117254,0
449,-0.099982,0.373940,3.182196,0
450,-0.099985,0.373940,3.247139,0
451,-0.099988,0.373940,3.312082,0
452,-0.099991,0.373940,3.377025,0
453,-0.099999,0.373940,3.441967,0
454,-0.100000,0.373940,3.506910,0
455,-0.100000,0.373940,3.571853,0
456,-0.100000,0.373940,3.636796,0
457,-0.100000,0.373940,3.701738,0
458,-0.100000,0.373940,3.766681,0
459,-0.100000,0.373940,3.831624,0
460,-0.100000,0.373940,3.896567,0
461,-0.100000,0.373940,3.961509,0
462,-0.100000,0.373940,4.026453,0
463,-0.100000,0.373940,4.091395,0
464,-0.100000,0.373940,4.156338,0
465,-0.100000,0.373940,4.221281,0
466,-0.100000,0.373940,4.286223,0
467,-0.100000,0.373940,4.351166,0
468,-0.100000,0.373940,4.416109,0
469,-0.100000,0.373940,4.481052,0
470,-0.100000,0.373940,4.545995,0
471,-0.100000,0.373940,4.610938,0
472,-0.100000,0.373940,4.675880,0
473,-0.100000,0.373940,4.740823,0
474,-0.100000,0.373940,4.805766,0
475,-0.100000,0.373940,4.870708,0
476,-0.100000,0.373940,4.935651,0
477,-0.100000,0.373940,5.000594,0
478,-0.100000,0.373940,5.065537,0
479,-0.100000,0.373940,5.130480,0
480,-0.100000,0.373940,5.195422,0
481,-0.100000,0.373940,5.260365,0
482,-0.100000,0.373940,5.325308,0
483,-0.100000,0.373940,5.390251,0
484,-0.100000,0.373940,5.455194,0
485,-0.100000,0.373940,5.520136,0
486,-0.100000,0.373940,5.585079,0
487,-0.100000,0.373940,5.650022,0
488,-0.100000,0.373940,5.714965,0
489,-0.100000,0.373940,5.779907,0
490,-0.100000,0.373940,5.844850,0
491,-0.100000,0.373940,5.909793,0
492,-0.100000,0.373940,5.974736,0
493,-0.100000,0.373940,6.039679,0
494,-0.100000,0.373940,6.104621,0
495,-0.100000,0.373940,6.169564,0
496,-0.100000,0.373940,6.234507,0
497,-0.100000,0.373940,6.299449,0
498,-0.100000,0.373940,6.364392,0
499,-0.100000,0.373940,6.429335,0
500,-0.100000,0.373940,6.494278,0
501,-0.100000,0.373940,6.559221,0
502,-0.100000,0.373940,6.624164,0
503,-0.100000,0.373940,6.689106,0
504,-0.100000,0.373940,6.754049,0
505,-0.100000,0.373940,6.818992,0
506,-0.100000,0.373940,6.883934,0
507,-0.100000,0.373940,6.948877,0
508,-0.100000,0.373940,7.013820,0
509,-0.100000,0.373940,7.078763,0
510,-0.100000,0.373940,7.143706,0
511,-0.100000,0.373940,7.208649,0
512,-0.100000,0.373940,7.273592,0
513,-0.100000,0.373940,7.338534,0
514,-0.100000,0.373940,7.403477,0
515,-0.100000,0.373940,7.468420,0
516,-0.100000,0.373940,7.533362,0
517,-0.100000,0.373940,7.598305,0
518,-0.100000,0.373940,7.663248,0
519,-0.100000,0.373940,7.728191,0
520,-0.100000,0.373940,7.793134,0
521,-0.100000,0.373940,7.858077,0
522,-0.100000,0.373940,7.923019,0
523,-0.100000,0.373940,7.987962,0
524,-0.100000,0.373940,8.052905,0
525,-0.100000,0.373940,8.117847,0
526,-0.100000,0.373940,8.182791,0
527,-0.100000,0.373940,8.247733,0
528,-0.100000,0.373940,8.312675,0
529,-0.100000,0.373940,8.377619,0
530,-0.100000,0.373940,8.442561,0
531,-0.099994,0.373940,8.507504,0
532,-0.099985,0.373940,8.572447,0
533,-0.099973,0.373940,8.637390,0
534,-0.099960,0.373940,8.702332,0
535,-0.099942,0.373940,8.767275,0
536,-0.099921,0.373962,8.832218,0
537,-0.099895,0.374257,8.897161,0
538,-0.099864,0.376538,8.962104,1
539,-0.099828,0.387378,9.027046,1
540,-0.099786,0.420585,9.091990,1
541,-0.099734,0.490239,9.156932,1
542,-0.099670,0.598497,9.221875,1
543,-0.099591,0.734994,9.286818,1
544,-0.099499,0.886679,9.351760,1
545,-0.099386,1.042949,9.416703,1
546,-0.099249,1.192986,9.481646,1
547,-0.099085,1.321493,9.546589,1
548,-0.098892,1.411462,9.611531,1
549,-0.098665,1.457869,9.676475,1
550,-0.098391,1.473999,9.741417,0
551,-0.098061,1.477547,9.806360,0
552,-0.097680,1.478021,9.871303,0
553,-0.097236,1.478056,9.936245,0
554,-0.096717,1.478056,10.001188,0
555,-0.096113,1.478056,10.066131,0
556,-0.095393,1.478056,10.131074,0
557,-0.094565,1.478056,10.196016,0
558,-0.093616,1.478056,10.260960,0
559,-0.092531,1.478056,10.325902,0
560,-0.091286,1.478056,10.390844,0
561,-0.089811,1.478056,10.455788,0
562,-0.088133,1.478056,10.520730,0
563,-0.086232,1.478056,10.585673,0
564,-0.084085,1.478090,10.650616,0
565,-0.081671,1.478534,10.715559,0
566,-0.078846,1.481827,10.780501,1
567,-0.075670,1.496510,10.845445,1
568,-0.072112,1.537232,10.910387,1
569,-0.068140,1.610549,10.975329,1
570,-0.063718,1.700671,11.040273,1
571,-0.058654,1.779478,11.105215,1
572,-0.052998,1.829145,11.170158,1
573,-0.046731,1.851288,11.235101,0
574,-0.039807,1.858016,11.300044,0
575,-0.032179,1.859350,11.364986,0
576,-0.023593,1.859515,11.429930,0
577,-0.014081,1.859526,11.494872,0
578,-0.003652,1.859526,11.559814,0
579,0.007753,1.859526,11.624758,0
580,0.020196,1.859526,11.689700,0
581,0.033992,1.859526,11.754643,0
582,0.049150,1.859526,11.819586,0
583,0.065608,1.859526,11.884529,0
584,0.083437,1.859526,11.949471,0
585,0.102713,1.859526,12.014414,0
586,0.123774,1.859526,12.079357,0
587,0.146742,1.859526,12.144300,0
588,0.171452,1.859526,12.209243,0
589,0.197983,1.859526,12.274185,0
590,0.226417,1.859526,12.339128,0
591,0.257096,1.859526,12.404071,0
592,0.290309,1.859526,12.469014,0
593,0.325741,1.859526,12.533957,0
594,0.363476,1.859526,12.598899,0
595,0.403593,1.859526,12.663842,0
596,0.446392,1.859526,12.728785,0
597,0.492400,1.859526,12.793728,0
598,0.541110,1.859526,12.858670,0
599,0.592596,1.859526,12.923614,0
600,0.646933,1.859530,12.988556,0
601,0.704330,1.859593,13.053499,0
602,0.765598,1.860132,13.118442,0
603,0.829999,1.863052,13.183384,1
604,0.897598,1.873406,13.248327,1
605,0.968453,1.898422,13.313270,1
606,1.042644,1.942134,13.378213,1
607,1.121304,2.002762,13.443155,1
608,1.203437,2.077446,13.508099,1
609,1.289090,2.166181,13.573041,1
610,1.378299,2.270365,13.637984,1
611,1.471107,2.389981,13.702927,1
612,1.568594,2.522068,13.767869,1
613,1.669890,2.660533,13.832812,1
614,1.774884,2.797084,13.897755,1
615,1.883595,2.923010,13.962698,1
616,1.996027,3.031286,14.027640,1
617,2.113110,3.118275,14.092584,1
618,2.234191,3.184487,14.157526,1
619,2.358988,3.234213,14.222468,1
620,2.487481,3.274294,14.287412,1
621,2.619659,3.312538,14.352354,1
622,2.756240,3.356306,14.417297,1
623,2.896829,3.411603,14.482240,1
624,3.040979,3.482752,14.547183,1
625,3.188640,3.572500,14.612125,1
626,3.339773,3.682284,14.677069,1
627,3.494880,3.812360,14.742011,1
628,3.653821,3.961653,14.806953,1
629,3.816007,4.127398,14.871897,1
630,3.981379,4.304836,14.936839,1
631,4.149862,4.487360,15.001782,1
632,4.321775,4.667354,15.066725,1
633,4.497166,4.837682,15.131668,1
634,4.675378,4.993364,15.196610,1
635,4.856332,5.132840,15.261554,1
636,5.039951,5.258322,15.326496,1
637,5.226356,5.375131,15.391438,1
638,5.415753,5.490327,15.456382,1
639,5.607461,5.611169,15.521324,1
640,5.801394,5.743901,15.586267,1
641,5.997435,5.893054,15.651210,1
642,6.195610,6.061235,15.716153,1
643,6.396152,6.249176,15.781096,1
644,6.598427,6.455876,15.846038,1
645,6.802325,6.678795,15.910981,1
646,7.007739,6.914154,15.975924,1
647,7.214579,7.157452,16.040867,1
648,7.423029,7.404195,16.105810,1
649,7.632539,7.650700,16.170752,1
650,7.843009,7.894713,16.235695,1
651,8.054291,8.135566,16.300638,1
652,8.266273,8.373779,16.365582,1
653,8.478894,8.610237,16.430523,1
654,8.691838,8.845314,16.495466,1
655,8.904949,9.078354,16.560410,1
656,9.118071,9.307725,16.625351,1
657,9.331075,9.531359,16.690294,1
658,9.543648,9.747480,16.755238,1
659,9.755634,9.955170,16.820181,1
660,9.966901,10.154596,16.885122,1
661,10.177272,10.346963,16.950066,1
662,10.386588,10.534294,17.015009,1
663,10.594395,10.719166,17.079950,1
664,10.800540,10.904365,17.144894,1
665,11.005009,11.092381,17.209837,1
666,11.207618,11.284805,17.274780,1
667,11.408231,11.481761,17.339722,1
668,11.606262,11.681700,17.404665,1
669,11.801499,11.881691,17.469608,1
670,11.994122,12.078183,17.534550,1
671,12.183984,12.267990,17.599493,1
672,12.370945,12.449099,17.664436,1
673,12.554433,12.621066,17.729380,1
674,12.734064,12.784850,17.794321,1
675,12.910296,12.942256,17.859264,1
676,13.083024,13.095231,17.924208,1
677,13.252147,13.245317,17.989151,1
678,13.417210,13.393387,18.054092,1
679,13.577578,13.539715,18.119036,1
680,13.734050,13.684216,18.183979,1
681,13.886553,13.826720,18.248920,1
682,14.035051,13.967165,18.313864,1
683,14.179284,14.105686,18.378807,1
684,14.318390,14.242626,18.443750,1
685,14.453440,14.378455,18.508692,1
686,14.584439,14.513622,18.573635,1
687,14.711416,14.648329,18.638578,1
688,14.834333,14.782302,18.703520,1
689,14.952146,14.914700,18.768463,1
690,15.066135,15.044253,18.833406,1
691,15.176369,15.169653,18.898350,1
692,15.282928,15.290009,18.963291,1
693,15.385916,15.405188,19.028234,1
694,15.484445,15.515862,19.093178,1
695,15.579642,15.623251,19.158119,1
696,15.671695,15.728678,19.223063,1
697,15.760741,15.833151,19.288006,1
698,15.846910,15.937120,19.352949,1
699,15.929691,16.040468,19.417891,1
700,16.009840,16.142632,19.482834,1
701,16.087677,16.242750,19.547777,1
702,16.163347,16.339724,19.612720,1
703,16.237005,16.432241,19.677662,1
704,16.308432,16.518887,19.742605,1
705,16.378101,16.598410,19.807549,1
706,16.446348,16.670156,19.872490,1
707,16.513311,16.734480,19.937433,1
708,16.579140,16.792931,20.002377,1
709,16.643827,16.848047,20.067320,1
710,16.707645,16.902843,20.132261,1
711,16.770857,16.960136,20.197205,1
712,16.833582,17.021982,20.262148,1
713,16.895945,17.089361,20.327089,1
714,16.958050,17.162176,20.392033,1
715,17.020071,17.239506,20.456976,1
716,17.082140,17.319981,20.521919,1
717,17.144337,17.402170,20.586861,1
718,17.206762,17.484882,20.651804,1
719,17.269524,17.567301,20.716747,1
720,17.332781,17.648922,20.781689,1
721,17.396523,17.729422,20.846632,1
722,17.460789,17.808481,20.911575,1
723,17.525631,17.885757,20.976519,1
724,17.591127,17.960947,21.041460,1
725,17.657454,18.033983,21.106403,1
726,17.724468,18.105177,21.171347,1
727,17.792185,18.175230,21.236290,1
728,17.860615,18.245008,21.301231,1
729,17.929781,18.315165,21.366175,1
730,17.999874,18.385727,21.431118,1
731,18.070671,18.455896,21.496059,1
732,18.142157,18.524183,21.561003,1
733,18.214321,18.588923,21.625946,1
734,18.287138,18.648964,21.690889,1
735,18.360762,18.704222,21.755831,1
736,18.434980,18.755836,21.820774,1
737,18.509748,18.805855,21.885717,1
738,18.585037,18.856600,21.950659,1
739,18.660803,18.910017,22.015602,1
740,18.737122,18.967299,22.080545,1
741,18.813833,19.028873,22.145489,1
742,18.890879,19.094755,22.210430,1
743,18.968214,19.164970,22.275373,1
744,19.045809,19.239902,22.340317,1
745,19.123644,19.320267,22.405258,1
746,19.201632,19.406698,22.470201,1
747,19.279699,19.499062,22.535145,1
748,19.357815,19.595835,22.600088,1
749,19.435936,19.693933,22.665030,1
750,19.513998,19.789202,22.729973,1
751,19.591946,19.877501,22.794916,1
752,19.669741,19.955967,22.859859,1
753,19.747345,20.023926,22.924801,1
754,19.824722,20.083076,22.989744,1
755,19.901783,20.136871,23.054688,1
756,19.978462,20.189383,23.119629,1
757,20.054771,20.244106,23.184572,1
758,20.130678,20.303116,23.249516,1
759,20.206152,20.366795,23.314459,1
760,20.281101,20.434139,23.379400,1
761,20.355434,20.503372,23.444344,1
762,20.429220,20.572613,23.509287,1
763,20.502432,20.640368,23.574228,1
764,20.575047,20.705791,23.639172,1
765,20.646996,20.768723,23.704115,1
766,20.718138,20.829668,23.769058,1
767,20.788607,20.889751,23.834000,1
768,20.858385,20.950636,23.898943,1
769,20.927462,21.014339,23.963886,1
770,20.995802,21.082905,24.028828,1
771,21.063204,21.157866,24.093771,1
772,21.129864,21.239691,24.158714,1
773,21.195780,21.327341,24.223658,1
774,21.260954,21.418171,24.288599,1
775,21.325380,21.508348,24.353542,1
776,21.388838,21.593756,24.418486,1
777,21.451546,21.671154,24.483429,1
778,21.513527,21.739227,24.548370,1
779,21.574789,21.799067,24.613314,1
780,21.635336,21.853819,24.678257,1
781,21.694990,21.907661,24.743198,1
782,21.753939,21.964447,24.808142,1
783,21.812223,22.026627,24.873085,1
784,21.869865,22.094791,24.938028,1
785,21.926876,22.167923,25.002970,1
786,21.983139,22.244074,25.067913,1
787,22.038778,22.321072,25.132856,1
788,22.093861,22.396961,25.197798,1
789,22.148413,22.470091,25.262741,1
790,22.202446,22.539003,25.327684,1
791,22.255898,22.602331,25.392628,1
792,22.308842,22.658852,25.457569,1
793,22.361351,22.707737,25.522512,1
794,22.413448,22.748915,25.587456,1
795,22.465149,22.783339,25.652399,1
796,22.516428,22.813061,25.717340,1
797,22.567305,22.840942,25.782284,1
798,22.617861,22.870045,25.847227,1
799,22.668119,22.902916,25.912169,1
800,22.718086,22.940960,25.977112,1
801,22.767750,22.984228,26.042055,1
802,22.817114,23.031605,26.106998,1
803,22.866240,23.081360,26.171940,1
804,22.915146,23.131744,26.236883,1
805,22.963837,23.181469,26.301826,1
806,23.012306,23.229872,26.366768,1
807,23.060537,23.276844,26.431711,1
808,23.108585,23.322653,26.496655,1
809,23.156464,23.367727,26.561598,1
810,23.204174,23.412582,26.626539,1
811,23.251715,23.457777,26.691483,1
812,23.299068,23.503899,26.756426,1
813,23.346272,23.551506,26.821367,1
814,23.393345,23.600992,26.886311,1
815,23.440294,23.652439,26.951254,1
816,23.487123,23.705536,27.016197,1
817,23.533813,23.759567,27.081139,1
818,23.580414,23.813524,27.146082,1
819,23.626932,23.866280,27.211025,1
820,23.673376,23.916819,27.275969,1
821,23.719765,23.964470,27.340910,1
822,23.766109,24.009132,27.405853,1
823,23.812437,24.051378,27.470797,1
824,23.858767,24.092381,27.535738,1
825,23.905123,24.133621,27.600681,1
826,23.951519,24.176447,27.665625,1
827,23.998009,24.221575,27.730568,1
828,24.044609,24.268837,27.795509,1
829,24.091351,24.317198,27.860453,1
830,24.138258,24.365152,27.925396,1
831,24.185358,24.411295,27.990337,1
832,24.232742,24.454868,28.055281,1
833,24.280439,24.496038,28.120224,1
834,24.328459,24.535810,28.185167,1
835,24.376839,24.575640,28.250109,1
836,24.425608,24.616928,28.315052,1
837,24.474884,24.660624,28.379995,1
838,24.524734,24.707058,28.444937,1
839,24.575123,24.756054,28.509880,1
840,24.626095,24.807148,28.574823,1
841,24.677687,24.859823,28.639767,1
842,24.730028,24.913670,28.704708,1
843,24.783237,24.968391,28.769651,1
844,24.837221,25.023777,28.834595,1
845,24.892017,25.079592,28.899538,1
846,24.947666,25.135532,28.964479,1
847,25.004290,25.191153,29.029423,1
848,25.062090,25.245874,29.094366,1
849,25.120890,25.299034,29.159307,1
850,25.180723,25.350014,29.224251,1
851,25.241629,25.398453,29.289194,1
852,25.303688,25.444466,29.354137,1
853,25.367218,25.488804,29.419079,1
854,25.431942,25.532831,29.484022,1
855,25.497890,25.578270,29.548965,1
856,25.565088,25.626808,29.613907,1
857,25.633570,25.679722,29.678850,1
858,25.703770,25.737684,29.743793,1
859,25.775311,25.800867,29.808737,1
860,25.848215,25.869267,29.873678,1
861,25.922493,25.943106,29.938622,1
862,25.998158,26.023052,30.003565,1
863,26.075640,26.110197,30.068506,1
864,26.154593,26.205729,30.133450,1
865,26.234978,26.310461,30.198393,1
866,26.316799,26.424393,30.263336,1
867,26.400053,26.546492,30.328278,1
868,26.485111,26.674759,30.393221,1
869,26.571707,26.806595,30.458164,1
870,26.659733,26.939270,30.523108,1
871,26.749172,27.070356,30.588049,1
872,26.840021,27.197906,30.652992,1
873,26.932549,27.320415,30.717936,1
874,27.026592,27.436609,30.782877,1
875,27.121969,27.545340,30.847820,1
876,27.218653,27.645655,30.912764,1
877,27.316616,27.737141,30.977707,1
878,27.416033,27.820402,31.042648,1
879,27.516808,27.897398,31.107592,1
880,27.618729,27.971428,31.172535,1
881,27.721741,28.046600,31.237476,1
882,27.825802,28.126936,31.302420,1
883,27.930984,28.215403,31.367363,1
884,28.037245,28.313272,31.432306,1
885,28.144352,28.420027,31.497248,1
886,28.252232,28.533781,31.562191,1
887,28.360828,28.652010,31.627134,1
888,28.470127,28.772219,31.692076,1
889,28.580095,28.892351,31.757019,1
890,28.690521,29.010857,31.821962,1
891,28.801321,29.126566,31.886906,1
892,28.912426,29.238510,31.951847,1
893,29.023773,29.345768,32.016792,1
894,29.135275,29.447435,32.081734,1
895,29.246796,29.542677,32.146675,1
896,29.358250,29.630840,32.211620,1
897,29.469574,29.711597,32.276562,1
898,29.580692,29.785065,32.341503,1
899,29.691399,29.851820,32.406448,1
900,29.801697,29.912781,32.471390,1
901,29.911501,29.968929,32.536331,1
902,30.020761,30.020966,32.601276,1
903,30.129417,30.069029,32.666218,1
904,30.237165,30.112677,32.731163,1
905,30.344107,30.151211,32.796104,1
906,30.450220,30.184303,32.861046,1
907,30.555445,30.212738,32.925991,1
908,30.659742,30.238951,32.990932,1
909,30.762791,30.267164,33.055874,1
910,30.864729,30.302948,33.120819,1
911,30.965588,30.352386,33.185760,1
912,31.065336,30.420980,33.250702,1
913,31.163948,30.512566,33.315647,1
914,31.261147,30.628536,33.380589,1
915,31.357025,30.767471,33.445530,1
916,31.451698,30.925369,33.510475,1
917,31.545151,31.096382,33.575417,1
918,31.637381,31.273918,33.640362,1
919,31.728167,31.451744,33.705303,1
920,31.817539,31.624802,33.770245,1
921,31.905689,31.789553,33.835190,1
922,31.992609,31.943872,33.900131,1
923,32.078320,32.086716,33.965073,1
924,32.162659,32.217770,34.030018,1
925,32.245583,32.337250,34.094959,1
926,32.327332,32.445835,34.159901,1
927,32.407917,32.544682,34.224846,1
928,32.487358,32.635330,34.289787,1
929,32.565556,32.719551,34.354733,1
930,32.642403,32.799107,34.419674,1
931,32.718174,32.875523,34.484615,1
932,32.792881,32.949978,34.549561,1
933,32.866550,33.023209,34.614502,1
934,32.939133,33.095509,34.679443,1
935,33.010452,33.166702,34.744389,1
936,33.080807,33.236145,34.809330,1
937,33.150211,33.302757,34.874271,1
938,33.218689,33.365227,34.939217,1
939,33.286236,33.422295,35.004158,1
940,33.352638,33.473183,35.069099,1
941,33.418182,33.517902,35.134045,1
942,33.482883,33.557423,35.198986,1
943,33.546768,33.593578,35.263931,1
944,33.609863,33.628761,35.328873,1
945,33.671959,33.665539,35.393814,1
946,33.733315,33.706333,35.458759,1
947,33.793968,33.753254,35.523701,1
948,33.853928,33.807941,35.588642,1
949,33.913216,33.871399,35.653587,1
950,33.971703,33.943729,35.718529,1
951,34.029556,34.023861,35.783470,1
952,34.086823,34.109413,35.848415,1
953,34.143536,34.196915,35.913357,1
954,34.199715,34.282322,35.978302,1
955,34.255283,34.361801,36.043243,1
956,34.310341,34.432533,36.108185,1
957,34.364964,34.493362,36.173130,1
958,34.419170,34.545120,36.238071,1
959,34.472984,34.590485,36.303013,1
960,34.526382,34.633373,36.367958,1
961,34.579407,34.677944,36.432899,1
962,34.632141,34.727528,36.497841,1
963,34.684612,34.783813,36.562786,1
964,34.736843,34.846680,36.627728,1
965,34.788811,34.914627,36.692669,1
966,34.840576,34.985638,36.757614,1
967,34.892193,35.057972,36.822556,1
968,34.943684,35.130497,36.887501,1
969,34.995079,35.202473,36.952442,1
970,35.046402,35.272968,37.017384,1
971,35.097683,35.340378,37.082329,1
972,35.148964,35.402359,37.147270,1
973,35.200268,35.456284,37.212212,1
974,35.251629,35.500118,37.277157,1
975,35.303074,35.533222,37.342098,1
976,35.354664,35.556892,37.407040,1
977,35.406414,35.574306,37.471985,1
978,35.458347,35.589931,37.536926,1
979,35.510494,35.608585,37.601871,1
980,35.562889,35.634418,37.666813,1
981,35.615646,35.670078,37.731754,1
982,35.668739,35.716351,37.796700,1
983,35.722183,35.772209,37.861641,1
984,35.776024,35.835335,37.926582,1
985,35.830296,35.902771,37.991528,1
986,35.885178,35.971581,38.056469,1
987,35.940594,36.039291,38.121410,1
988,35.996567,36.104084,38.186356,1
989,36.053131,36.164852,38.251297,1
990,36.110329,36.221176,38.316238,1
991,36.168358,36.273308,38.381184,1
992,36.227142,36.322182,38.446125,1
993,36.286678,36.369289,38.511070,1
994,36.346996,36.416489,38.576012,1
995,36.408134,36.465660,38.640953,1
996,36.470299,36.518414,38.705898,1
997,36.533432,36.575794,38.770840,1
998,36.597469,36.638119,38.835781,1
999,36.662422,36.704857,38.900726,1
1000,36.728321,36.774441,38.965668,1
1001,36.795330,36.843494,39.030609,1
1002,36.863407,36.905254,39.095554,1
1003,36.932430,36.950508,39.160496,1
1004,37.002377,36.974857,39.225441,0
1005,37.073223,36.983654,39.225441,0
1006,37.145092,36.985668,39.160603,0
1007,37.217922,36.985954,39.095768,0
1008,37.291534,36.985977,39.030933,0
1009,37.365860,36.985977,38.966099,0
1010,37.440842,36.985977,38.901260,0
1011,37.516487,36.985977,38.836426,0
1012,37.592686,36.985977,38.771591,0
1013,37.669235,36.985977,38.706757,0
1014,37.746025,36.985977,38.641922,0
1015,37.822948,36.985977,38.577084,0
1016,37.899899,36.985977,38.512249,0
1017,37.976612,36.985977,38.447414,0
1018,38.052959,36.985977,38.382580,0
1019,38.128799,36.985977,38.317741,0
1020,38.203972,36.985977,38.252907,0
1021,38.278301,36.985977,38.188072,0
1022,38.351223,36.986015,38.123238,0
1023,38.422829,36.986542,38.058403,0
1024,38.492939,36.990448,37.993565,1
1025,38.561359,37.007977,37.928730,1
1026,38.627914,37.057396,37.863895,1
1027,38.691662,37.150631,37.799061,1
1028,38.752964,37.280277,37.734222,1
1029,38.811653,37.430626,37.669388,1
1030,38.867535,37.593372,37.604553,1
1031,38.920433,37.767735,37.539719,1
1032,38.969212,37.953831,37.474884,1
1033,39.014305,38.148899,37.410046,1
1034,39.055710,38.346752,37.345211,1
1035,39.093262,38.538876,37.280376,1
1036,39.126801,38.716179,37.215542,1
1037,39.155140,38.870686,37.150703,1
1038,39.178661,38.996853,37.085869,1
1039,39.197609,39.092190,37.021034,1
1040,39.211872,39.157166,36.956200,1
1041,39.221329,39.194546,36.891365,1
1042,39.224918,39.208397,36.826527,0
1043,39.222813,39.203239,36.761692,-1
1044,39.215584,39.183441,36.696857,-1
1045,39.203175,39.152996,36.632023,-1
1046,39.185543,39.115520,36.567184,-1
1047,39.161846,39.074238,36.502350,-1
1048,39.131992,39.031822,36.437515,-1
1049,39.096870,38.990063,36.372681,-1
1050,39.056496,38.949512,36.307846,-1
1051,39.010895,38.909279,36.243008,-1
1052,38.959538,38.867134,36.178173,-1
1053,38.902035,38.820011,36.113338,-1
1054,38.839542,38.764706,36.048504,-1
1055,38.772144,38.698689,35.983665,-1
1056,38.699936,38.620789,35.918831,-1
1057,38.622688,38.531479,35.853996,-1
1058,38.539803,38.432823,35.789162,-1
1059,38.452576,38.327961,35.724327,-1
1060,38.361134,38.220325,35.659489,-1
1061,38.265633,38.112755,35.594654,-1
1062,38.166092,38.006752,35.529819,-1
1063,38.061821,37.902180,35.464985,-1
1064,37.954121,37.797504,35.400146,-1
1065,37.843147,37.690586,35.335312,-1
1066,37.729057,37.579735,35.270477,-1
1067,37.612053,37.464500,35.205643,-1
1068,37.491520,37.345943,35.140808,-1
1069,37.368572,37.226131,35.075970,-1
1070,37.243385,37.107109,35.011135,-1
1071,37.116112,36.989861,34.946301,-1
1072,36.986961,36.873768,34.881466,-1
1073,36.855698,36.756763,34.816631,-1
1074,36.722958,36.636154,34.751793,-1
1075,36.588997,36.509544,34.686958,-1
1076,36.453941,36.375542,34.622124,-1
1077,36.317986,36.233913,34.557289,-1
1078,36.181149,36.085258,34.492451,-1
1079,36.043758,35.930580,34.427616,-1
1080,35.906044,35.770962,34.362782,-1
1081,35.768101,35.607559,34.297947,-1
1082,35.630104,35.441750,34.233112,-1
1083,35.492218,35.275181,34.168274,-1
1084,35.354622,35.109573,34.103439,-1
1085,35.217445,34.946262,34.038605,-1
1086,35.080780,34.785648,33.973770,-1
1087,34.944717,34.626945,33.908932,-1
1088,34.809532,34.468365,33.844097,-1
1089,34.675373,34.307747,33.779263,-1
1090,34.542225,34.143475,33.714428,-1
1091,34.410168,33.975178,33.649593,-1
1092,34.279263,33.804085,33.584755,-1
1093,34.149792,33.632698,33.519920,-1
1094,34.021954,33.463928,33.455086,-1
1095,33.895592,33.299858,33.390251,-1
1096,33.770756,33.140499,33.325413,-1
1097,33.647480,32.983013,33.260578,-1
1098,33.526012,32.821636,33.195744,-1
1099,33.406689,32.648567,33.130909,-1
1100,33.289173,32.455849,33.066074,-1
1101,33.173515,32.237930,33.001236,-1
1102,33.059727,31.994333,32.936401,-1
1103,32.947968,31.731577,32.871567,-1
1104,32.838757,31.463423,32.806732,-1
1105,32.731564,31.208809,32.741894,-1
1106,32.626431,30.987600,32.677059,-1
1107,32.523365,30.815220,32.612225,-1
1108,32.422394,30.697847,32.547390,-1
1109,32.324219,30.629990,32.482555,-1
1110,32.228153,30.595440,32.417717,-1
1111,32.134220,30.571623,32.352882,-1
1112,32.042404,30.535942,32.288048,-1
1113,31.952709,30.472197,32.223213,-1
1114,31.865725,30.375286,32.158375,-1
1115,31.780897,30.253702,32.093540,-1
1116,31.698139,30.129881,32.028706,-1
1117,31.617411,30.032881,31.963871,-1
1118,31.538698,29.978603,31.899035,-1
1119,31.462442,29.958279,31.834200,0
1120,31.388248,29.953398,31.769363,0
1121,31.315918,29.952662,31.704529,0
1122,31.245413,29.952593,31.639692,0
1123,31.176687,29.952591,31.574858,0
1124,31.110033,29.952591,31.510023,0
1125,31.045202,29.952591,31.445187,0
1126,30.981928,29.952591,31.380352,0
1127,30.920156,29.952591,31.315516,0
1128,30.859827,29.952591,31.250681,0
1129,30.801083,29.952589,31.185844,0
1130,30.743793,29.952539,31.121010,0
1131,30.687670,29.952137,31.056173,0
1132,30.632648,29.950085,30.991339,0
1133,30.578655,29.943258,30.926504,-1
1134,30.525711,29.927757,30.861668,-1
1135,30.473757,29.902300,30.796833,-1
1136,30.422523,29.869478,30.731997,-1
1137,30.371935,29.832808,30.667162,-1
1138,30.321920,29.793903,30.602325,-1
1139,30.272421,29.752092,30.537491,-1
1140,30.223375,29.704876,30.472654,-1
1141,30.174582,29.648621,30.407820,-1
1142,30.125967,29.579796,30.342985,-1
1143,30.077456,29.496534,30.278149,-1
1144,30.028954,29.400000,30.213314,-1
1145,29.980326,29.295082,30.148478,-1
1146,29.931486,29.190460,30.083643,-1
1147,29.882357,29.098150,30.018806,-1
1148,29.832878,29.030403,29.953972,-1
1149,29.782959,28.992105,29.889135,-1
1150,29.732344,28.976538,29.824301,0
1151,29.681093,28.972210,29.759466,0
1152,29.629137,28.971399,29.694630,0
1153,29.576431,28.971046,29.629795,0
1154,29.522907,28.969015,29.564959,0
1155,29.468222,28.959349,29.500124,-1
1156,29.412529,28.929502,29.435287,-1
1157,29.355795,28.865877,29.370453,-1
1158,29.297989,28.764486,29.305618,-1
1159,29.239058,28.633360,29.240782,-1
1160,29.178654,28.486959,29.175947,-1
1161,29.116932,28.343084,29.111111,-1
1162,29.053932,28.222382,29.046276,-1
1163,28.989649,28.141708,28.981440,-1
1164,28.924047,28.102182,28.916605,-1
1165,28.856806,28.089022,28.851768,0
1166,28.788048,28.086214,28.786934,0
1167,28.717909,28.085846,28.722099,0
1168,28.646370,28.085812,28.657263,0
1169,28.573442,28.085667,28.592428,0
1170,28.498871,28.084381,28.527592,0
1171,28.422709,28.077259,28.462757,-1
1172,28.345167,28.051426,28.397921,-1
1173,28.266245,27.988098,28.333086,-1
1174,28.185980,27.878201,28.268250,-1
1175,28.104204,27.733509,28.203415,-1
1176,28.020891,27.576441,28.138580,-1
1177,27.936314,27.425455,28.073744,-1
1178,27.850487,27.291376,28.008909,-1
1179,27.763470,27.179070,27.944073,-1
1180,27.675182,27.089006,27.879238,-1
1181,27.585529,27.018494,27.814402,-1
1182,27.494823,26.962824,27.749567,-1
1183,27.403093,26.916342,27.684731,-1
1184,27.310408,26.873388,27.619896,-1
1185,27.216757,26.829041,27.555061,-1
1186,27.122028,26.779629,27.490225,-1
1187,27.026537,26.722883,27.425390,-1
1188,26.930323,26.657795,27.360554,-1
1189,26.833447,26.584385,27.295719,-1
1190,26.735968,26.503572,27.230883,-1
1191,26.637804,26.417164,27.166048,-1
1192,26.539219,26.327816,27.101212,-1
1193,26.440262,26.238674,27.036377,-1
1194,26.341000,26.152596,26.971542,-1
1195,26.241505,26.071213,26.906706,-1
1196,26.141813,25.994230,26.841871,-1
1197,26.042076,25.919401,26.777035,-1
1198,25.942345,25.843281,26.712200,-1
1199,25.842691,25.762396,26.647364,-1
1200,25.743193,25.674410,26.582529,-1
1201,25.643990,25.578745,26.517694,-1
1202,25.545122,25.476597,26.452858,-1
1203,25.446657,25.370409,26.388023,-1
1204,25.348652,25.263105,26.323187,-1
1205,25.251173,25.157362,26.258352,-1
1206,25.154423,25.055037,26.193516,-1
1207,25.058426,24.956839,26.128681,-1
1208,24.963179,24.862259,26.063845,-1
1209,24.868734,24.769747,25.999010,-1
1210,24.775152,24.677177,25.934175,-1
1211,24.682648,24.582539,25.869339,-1
1212,24.591259,24.484648,25.804504,-1
1213,24.500904,24.383709,25.739668,-1
1214,24.411629,24.281487,25.674833,-1
1215,24.323454,24.180964,25.609997,-1
1216,24.236595,24.085554,25.545162,-1
1217,24.151127,23.998116,25.480326,-1
1218,24.066874,23.920155,25.415491,-1
1219,23.983858,23.851482,25.350657,-1
1220,23.902084,23.790461,25.285820,-1
1221,23.821705,23.734678,25.220985,-1
1222,23.742870,23.681707,25.156149,-1
1223,23.665302,23.629713,25.091314,-1
1224,23.588997,23.577686,25.026478,-1
1225,23.513931,23.525398,24.961643,-1
1226,23.440176,23.473148,24.896807,-1
1227,23.367939,23.421423,24.831972,-1
1228,23.296858,23.370535,24.767138,-1
1229,23.226921,23.320272,24.702301,-1
1230,23.158072,23.269629,24.637466,-1
1231,23.090303,23.216692,24.572630,-1
1232,23.023808,23.158792,24.507795,-1
1233,22.958210,23.092916,24.442959,-1
1234,22.893467,23.016256,24.378124,-1
1235,22.829504,22.926834,24.313290,-1
1236,22.766256,22.824013,24.248453,-1
1237,22.703814,22.708818,24.183619,-1
1238,22.641874,22.583992,24.118782,-1
1239,22.580364,22.453724,24.053947,-1
1240,22.519188,22.323076,23.989111,-1
1241,22.458258,22.197187,23.924276,-1
1242,22.397490,22.080490,23.859440,-1
1243,22.336700,21.976152,23.794605,-1
1244,22.275808,21.885946,23.729771,-1
1245,22.214708,21.810482,23.664934,-1
1246,22.153299,21.749683,23.600100,-1
1247,22.091370,21.703157,23.535263,-1
1248,22.028816,21.670263,23.470428,-1
1249,21.965576,21.649740,23.405592,-1
1250,21.901566,21.639048,23.340757,0
1251,21.836676,21.634140,23.275921,0
1252,21.770628,21.629841,23.211086,0
1253,21.703329,21.620077,23.146252,-1
1254,21.634802,21.598431,23.081415,-1
1255,21.564991,21.559690,23.016581,-1
1256,21.493811,21.501335,22.951744,-1
1257,21.420979,21.424013,22.886909,-1
1258,21.346331,21.331335,22.822073,-1
1259,21.270056,21.229015,22.757238,-1
1260,21.192123,21.123573,22.692402,-1
1261,21.112478,21.020864,22.627567,-1
1262,21.030880,20.924898,22.562733,-1
1263,20.947094,20.837214,22.497896,-1
1264,20.861460,20.756859,22.433062,-1
1265,20.773987,20.680914,22.368225,-1
1266,20.684652,20.605284,22.303391,-1
1267,20.593323,20.525610,22.238554,-1
1268,20.499670,20.438145,22.173719,-1
1269,20.404171,20.340513,22.108885,-1
1270,20.306854,20.232244,22.044048,-1
1271,20.207756,20.114901,21.979214,-1
1272,20.106840,19.991764,21.914377,-1
1273,20.003731,19.867043,21.849543,-1
1274,19.898975,19.744854,21.784706,-1
1275,19.792631,19.628321,21.719872,-1
1276,19.684765,19.519081,21.655035,-1
1277,19.575417,19.417377,21.590200,-1
1278,19.464264,19.322535,21.525366,-1
1279,19.351805,19.233618,21.460529,-1
1280,19.238131,19.149910,21.395695,-1
1281,19.123318,19.071026,21.330858,-1
1282,19.007433,18.996660,21.266024,-1
1283,18.890312,18.926104,21.201187,-1
1284,18.772289,18.857759,21.136353,-1
1285,18.653488,18.788889,21.071516,-1
1286,18.533991,18.715702,21.006681,-1
1287,18.413860,18.633814,20.941847,-1
1288,18.293072,18.538980,20.877010,-1
1289,18.171822,18.427919,20.812176,-1
1290,18.050230,18.299047,20.747339,-1
1291,17.928375,18.152870,20.682505,-1
1292,17.806316,17.991991,20.617668,-1
1293,17.684109,17.820704,20.552834,-1
1294,17.561874,17.644316,20.487997,-1
1295,17.439699,17.468355,20.423162,-1
1296,17.317629,17.297844,20.358328,-1
1297,17.195736,17.136749,20.293491,-1
1298,17.074100,16.987686,20.228657,-1
1299,16.952839,16.851891,20.163820,-1
1300,16.831970,16.729391,20.098986,-1
1301,16.711525,16.619286,20.034149,-1
1302,16.591574,16.519932,19.969315,-1
1303,16.472212,16.428974,19.904480,-1
1304,16.353592,16.343241,19.839643,-1
1305,16.235649,16.258610,19.774809,-1
1306,16.118414,16.170055,19.709972,-1
1307,16.001951,16.072104,19.645138,-1
1308,15.886355,15.959694,19.580301,-1
1309,15.771822,15.829397,19.515467,-1
1310,15.658232,15.680617,19.450630,-1
1311,15.545595,15.516332,19.385796,-1
1312,15.433969,15.342963,19.320961,-1
1313,15.323424,15.169211,19.256124,-1
1314,15.214278,15.004105,19.191290,-1
1315,15.106296,14.854903,19.126453,-1
1316,14.999504,14.725583,19.061619,-1
1317,14.893929,14.616405,18.996782,-1
1318,14.789610,14.524604,18.931948,-1
1319,14.686969,14.445786,18.867111,-1
1320,14.585678,14.375391,18.802277,-1
1321,14.485735,14.309734,18.737442,-1
1322,14.387151,14.246400,18.672606,-1
1323,14.289957,14.184093,18.607771,-1
1324,14.194536,14.122231,18.542934,-1
1325,14.100604,14.060531,18.478100,-1
1326,14.008085,13.998733,18.413263,-1
1327,13.916966,13.936526,18.348429,-1
1328,13.827256,13.873588,18.283592,-1
1329,13.739263,13.809711,18.218758,-1
1330,13.652725,13.744912,18.153923,-1
1331,13.567531,13.679516,18.089087,-1
1332,13.483628,13.614104,18.024252,-1
1333,13.400998,13.549362,17.959415,-1
1334,13.319814,13.485792,17.894581,-1
1335,13.239894,13.423352,17.829744,-1
1336,13.161054,13.361075,17.764910,-1
1337,13.083215,13.296733,17.700073,-1
1338,13.006322,13.226585,17.635239,-1
1339,12.930417,13.145309,17.570404,-1
1340,12.855355,13.046249,17.505568,-1
1341,12.780940,12.922168,17.440733,-1
1342,12.707066,12.766581,17.375896,-1
1343,12.633635,12.575675,17.311062,-1
1344,12.560586,12.350437,17.246225,-1
1345,12.487755,12.098504,17.181391,-1
1346,12.414992,11.835594,17.116556,-1
1347,12.342180,11.586710,17.051720,-1
1348,12.269207,11.383759,16.986885,-1
1349,12.195950,11.251471,16.922049,-1
1350,12.122152,11.188015,16.857214,-1
1351,12.047782,11.167229,16.792377,0
1352,11.972747,11.162846,16.727543,0
1353,11.896933,11.162277,16.662706,0
1354,11.820205,11.162237,16.597872,0
1355,11.742173,11.162237,16.533037,0
1356,11.662998,11.162209,16.468201,0
1357,11.582605,11.161837,16.403366,0
1358,11.500908,11.159022,16.338530,-1
1359,11.417846,11.146024,16.273695,-1
1360,11.332850,11.107823,16.208858,-1
1361,11.246319,11.031874,16.144024,-1
1362,11.158218,10.921115,16.079187,-1
1363,11.068508,10.791364,16.014353,-1
1364,10.977152,10.659337,15.949517,-1
1365,10.883668,10.536731,15.884682,-1
1366,10.788458,10.429802,15.819846,-1
1367,10.691604,10.339421,15.755012,-1
1368,10.593114,10.261255,15.690176,-1
1369,10.493002,10.187104,15.625340,-1
1370,10.390945,10.107352,15.560505,-1
1371,10.287275,10.013799,15.495669,-1
1372,10.182180,9.901970,15.430834,-1
1373,10.075717,9.772274,15.365998,-1
1374,9.967946,9.629794,15.301163,-1
1375,9.858732,9.482907,15.236327,-1
1376,9.748334,9.341140,15.171493,-1
1377,9.636959,9.212872,15.106657,-1
1378,9.524719,9.103497,15.041821,-1
1379,9.411696,9.014506,14.976986,-1
1380,9.297918,8.943682,14.912150,-1
1381,9.183573,8.886181,14.847315,-1
1382,9.068851,8.836062,14.782479,-1
1383,8.953872,8.787672,14.717644,-1
1384,8.838715,8.736496,14.652809,-1
1385,8.723502,8.679375,14.587974,-1
1386,8.608410,8.614202,14.523138,-1
1387,8.493521,8.539420,14.458302,-1
1388,8.378939,8.453650,14.393467,-1
1389,8.264739,8.355682,14.328631,-1
1390,8.151034,8.244982,14.263796,-1
1391,8.038059,8.122771,14.198960,-1
1392,7.925742,7.994470,14.134125,-1
1393,7.814155,7.873738,14.069290,-1
1394,7.703340,7.781164,14.004455,-1
1395,7.593371,7.728960,13.939619,-1
1396,7.484540,7.708932,13.874784,0
1397,7.376634,7.703936,13.809948,0
1398,7.269666,7.703143,13.745112,0
1399,7.163674,7.703064,13.680277,0
1400,7.058661,7.703061,13.615441,0
1401,6.954973,7.703061,13.550606,0
1402,6.852286,7.703061,13.485771,0
1403,6.750592,7.703061,13.420936,0
1404,6.649900,7.703061,13.356100,0
1405,6.550182,7.703061,13.291265,0
1406,6.451736,7.703037,13.226429,0
1407,6.354272,7.702728,13.161593,0
1408,6.257737,7.700442,13.096758,-1
1409,6.162127,7.690311,13.031922,-1
1410,6.067418,7.662489,12.967088,-1
1411,5.973791,7.612966,12.902252,-1
1412,5.881080,7.552230,12.837417,-1
1413,5.789184,7.497076,12.772581,-1
1414,5.698095,7.457255,12.707746,-1
1415,5.607787,7.432474,12.642910,-1
1416,5.518380,7.416678,12.578074,-1
1417,5.429794,7.403134,12.513239,-1
1418,5.341909,7.388169,12.448403,-1
1419,5.254721,7.372437,12.383569,-1
1420,5.168206,7.358942,12.318733,-1
1421,5.082444,7.348505,12.253898,-1
1422,4.997426,7.335014,12.189062,-1
1423,4.913025,7.302928,12.124227,-1
1424,4.829224,7.229012,12.059391,-1
1425,4.746022,7.088940,11.994555,-1
1426,4.663465,6.866338,11.929720,-1
1427,4.581594,6.560124,11.864885,-1
1428,4.500281,6.186939,11.800050,-1
1429,4.419511,5.777428,11.735214,-1
1430,4.339290,5.367880,11.670379,-1
1431,4.259650,4.990693,11.605543,-1
1432,4.180661,4.667319,11.540708,-1
1433,4.102205,4.405721,11.475872,-1
1434,4.024268,4.202183,11.411036,-1
1435,3.946862,4.045721,11.346201,-1
1436,3.870003,3.922909,11.281366,-1
1437,3.793816,3.821536,11.216531,-1
1438,3.718165,3.732489,11.151695,-1
1439,3.643045,3.650085,11.086860,-1
1440,3.568475,3.571442,11.022024,-1
1441,3.494456,3.495510,10.957189,-1
1442,3.421174,3.422161,10.892353,-1
1443,3.348476,3.351566,10.827518,-1
1444,3.276371,3.283909,10.762683,-1
1445,3.204865,3.219373,10.697847,-1
1446,3.133979,3.158214,10.633012,-1
1447,3.063920,3.100851,10.568176,-1
1448,2.994562,3.047871,10.503341,-1
1449,2.925895,2.999940,10.438505,-1
1450,2.857931,2.957589,10.373670,-1
1451,2.790701,2.920897,10.308834,-1
1452,2.724425,2.889114,10.243999,-1
1453,2.659005,2.860327,10.179164,-1
1454,2.594403,2.831370,10.114328,-1
1455,2.530639,2.798167,10.049493,-1
1456,2.467745,2.756667,9.984657,-1
1457,2.405956,2.704579,9.919822,-1
1458,2.345203,2.644260,9.854986,-1
1459,2.285429,2.585255,9.790151,-1
1460,2.226652,2.540791,9.725315,-1
1461,2.168900,2.517092,9.660480,0
1462,2.112399,2.508754,9.595645,0
1463,2.057139,2.506914,9.530809,0
1464,2.003002,2.506668,9.465974,0
1465,1.950005,2.506649,9.401138,0
1466,1.898174,2.506649,9.336303,0
1467,1.847690,2.506649,9.271467,0
1468,1.798648,2.506649,9.206632,0
1469,1.750859,2.506649,9.141796,0
1470,1.704331,2.506649,9.076962,0
1471,1.659072,2.506633,9.012126,0
1472,1.615244,2.506418,8.947290,0
1473,1.573013,2.504821,8.882455,0
1474,1.532107,2.497640,8.817619,-1
1475,1.492530,2.477213,8.752784,-1
1476,1.454280,2.437626,8.687948,-1
1477,1.417453,2.379189,8.623113,-1
1478,1.382313,2.304820,8.558278,-1
1479,1.348501,2.216684,8.493443,-1
1480,1.316016,2.118205,8.428607,-1
1481,1.284840,2.015549,8.363771,-1
1482,1.254995,1.915851,8.298936,-1
1483,1.226807,1.824258,8.234100,-1
1484,1.199863,1.742070,8.169265,-1
1485,1.174143,1.666897,8.104429,-1
1486,1.149612,1.594500,8.039594,-1
1487,1.126249,1.521150,7.974759,-1
1488,1.104332,1.445363,7.909923,-1
1489,1.083488,1.368331,7.845088,-1
1490,1.063654,1.293142,7.780252,-1
1491,1.044782,1.223380,7.715417,-1
1492,1.026821,1.161854,7.650581,-1
1493,1.009928,1.109921,7.585746,-1
1494,0.993834,1.067481,7.520911,-1
1495,0.978436,1.033417,7.456075,-1
1496,0.963670,1.006145,7.391240,-1
1497,0.949473,0.984043,7.326405,-1
1498,0.935877,0.965641,7.261569,-1
1499,0.922703,0.949661,7.196733,-1
1500,0.909844,0.935004,7.131898,-1
1501,0.897232,0.920735,7.067062,-1
1502,0.884799,0.906102,7.002227,-1
1503,0.872483,0.890543,6.937392,-1
1504,0.860172,0.873682,6.872556,-1
1505,0.847790,0.855291,6.807721,-1
1506,0.835284,0.835254,6.742886,-1
1507,0.822593,0.813538,6.678050,-1
1508,0.809619,0.790198,6.613214,-1
1509,0.796270,0.765370,6.548379,-1
1510,0.782547,0.739268,6.483544,-1
1511,0.768415,0.712159,6.418708,-1
1512,0.753837,0.684347,6.353873,-1
1513,0.738730,0.656181,6.289037,-1
1514,0.723002,0.628077,6.224202,-1
1515,0.706742,0.600524,6.159367,-1
1516,0.689943,0.574042,6.094531,-1
1517,0.672599,0.549070,6.029696,-1
1518,0.654678,0.525842,5.964860,-1
1519,0.636091,0.504307,5.900025,-1
1520,0.616992,0.484159,5.835189,-1
1521,0.597405,0.464985,5.770354,-1
1522,0.577353,0.446457,5.705518,-1
1523,0.556857,0.428501,5.640683,-1
1524,0.535867,0.411341,5.575848,-1
1525,0.514551,0.395401,5.511012,-1
1526,0.492952,0.381118,5.446177,-1
1527,0.471117,0.368723,5.381341,-1
1528,0.449094,0.358084,5.316506,0
1529,0.426922,0.348680,5.251670,0
1530,0.404712,0.339706,5.186835,0
1531,0.382515,0.330296,5.121999,-1
1532,0.360387,0.319779,5.057164,-1
1533,0.338379,0.307892,4.992329,-1
1534,0.316617,0.294876,4.927493,-1
1535,0.295141,0.281404,4.862658,-1
1536,0.273981,0.268358,4.797822,-1
1537,0.253183,0.256515,4.732987,-1
1538,0.232796,0.246250,4.668151,0
1539,0.212976,0.237375,4.603316,0
1540,0.193724,0.229176,4.538481,0
1541,0.175023,0.220658,4.473645,0
1542,0.156906,0.210897,4.408810,-1
1543,0.139398,0.199368,4.343974,-1
1544,0.122647,0.186110,4.279139,-1
1545,0.106647,0.171691,4.214303,-1
1546,0.091323,0.157020,4.149468,-1
1547,0.076685,0.143156,4.084632,-1
1548,0.062739,0.131260,4.019797,0
1549,0.049593,0.122474,3.954962,0
1550,0.037256,0.117309,3.890126,0
1551,0.025604,0.115073,3.825291,0
1552,0.014625,0.114405,3.760455,0
1553,0.004312,0.114274,3.695620,0
1554,-0.005278,0.114257,3.630785,0
1555,-0.014110,0.114256,3.565949,0
1556,-0.022340,0.114252,3.501114,0
1557,-0.029987,0.114203,3.436278,0
1558,-0.037071,0.113865,3.371443,0
1559,-0.043578,0.112434,3.306607,0
1560,-0.049453,0.108566,3.241772,0
1561,-0.054854,0.101604,3.176936,0
1562,-0.059805,0.092629,3.112101,0
1563,-0.064328,0.083586,3.047266,0
1564,-0.068435,0.075883,2.982430,0
1565,-0.072066,0.070057,2.917595,0
1566,-0.075359,0.066037,2.852759,0
1567,-0.078336,0.063434,2.787924,0
1568,-0.081018,0.061753,2.723088,0
1569,-0.083427,0.060540,2.658253,0
1570,-0.085515,0.059435,2.593417,0
1571,-0.087382,0.058172,2.528582,0
1572,-0.089050,0.056568,2.463747,0
1573,-0.090536,0.054573,2.398911,0
1574,-0.091850,0.052404,2.334076,0
1575,-0.092974,0.050573,2.269240,0
1576,-0.093961,0.049489,2.204405,0
1577,-0.094830,0.049070,2.139570,0
1578,-0.095593,0.048967,2.074734,0
1579,-0.096258,0.048952,2.009898,0
1580,-0.096820,0.048950,1.945063,0
1581,-0.097304,0.048950,1.880228,0
1582,-0.097725,0.048950,1.815392,0
1583,-0.098088,0.048950,1.750557,0
1584,-0.098402,0.048950,1.685721,0
1585,-0.098663,0.048950,1.620886,0
1586,-0.098884,0.048950,1.556050,0
1587,-0.099074,0.048950,1.491215,0
1588,-0.099235,0.048950,1.426380,0
1589,-0.099373,0.048950,1.361544,0
1590,-0.099486,0.048950,1.296709,0
1591,-0.099580,0.048950,1.231873,0
1592,-0.099659,0.048950,1.167038,0
1593,-0.099726,0.048950,1.102202,0
1594,-0.099782,0.048950,1.037367,0
1595,-0.099828,0.048950,0.972532,0
1596,-0.099865,0.048950,0.907696,0
1597,-0.099896,0.048950,0.842861,0
1598,-0.099921,0.048950,0.778025,0
1599,-0.099943,0.048950,0.713190,0
1600,-0.099960,0.048950,0.648354,0
1601,-0.099973,0.048950,0.583519,0
1602,-0.099985,0.048950,0.518683,0
1603,-0.099994,0.048950,0.453848,0
1604,-0.100000,0.048950,0.389013,0
1605,-0.100000,0.048950,0.324177,0
1606,-0.100000,0.048950,0.259342,0
1607,-0.100000,0.048950,0.194506,0
1608,-0.100000,0.048950,0.129671,0
1609,-0.100000,0.048950,0.064835,0
1610,-0.100000,0.048950,0.000000,0
